<?xml version="1.0" encoding="UTF-8" ?>
<!-- This is a WordPress eXtended RSS file generated by WordPress as an export of your site. -->
<!-- It contains information about your site's posts, pages, comments, categories, and other content. -->
<!-- You may use this file to transfer that content from one site to another. -->
<!-- This file is not intended to serve as a complete backup of your site. -->

<!-- To import this information into a WordPress site follow these steps: -->
<!-- 1. Log in to that site as an administrator. -->
<!-- 2. Go to Tools: Import in the WordPress admin panel. -->
<!-- 3. Install the "WordPress" importer from the list. -->
<!-- 4. Activate & Run Importer. -->
<!-- 5. Upload this file using the form provided on that page. -->
<!-- 6. You will first be asked to map the authors in this export file to users -->
<!--    on the site. For each author, you may choose to map to an -->
<!--    existing user on the site or to create a new user. -->
<!-- 7. WordPress will then import each of the posts, pages, comments, categories, etc. -->
<!--    contained in this file into your site. -->

<!-- generator="WordPress/4.4.2" created="2016-03-16 06:16" -->
<rss version="2.0"
	xmlns:excerpt="http://wordpress.org/export/1.2/excerpt/"
	xmlns:content="http://purl.org/rss/1.0/modules/content/"
	xmlns:wfw="http://wellformedweb.org/CommentAPI/"
	xmlns:dc="http://purl.org/dc/elements/1.1/"
	xmlns:wp="http://wordpress.org/export/1.2/"
>

<channel>
	<title>Monolit</title>
	<link>http://demowp.cththemes.net/monolit</link>
	<description>Responsive Architecture Wordpress Theme</description>
	<pubDate>Wed, 16 Mar 2016 06:16:24 +0000</pubDate>
	<language>en-US</language>
	<wp:wxr_version>1.2</wp:wxr_version>
	<wp:base_site_url>http://demowp.cththemes.net/monolit</wp:base_site_url>
	<wp:base_blog_url>http://demowp.cththemes.net/monolit</wp:base_blog_url>

	<wp:author><wp:author_id>1</wp:author_id><wp:author_login><![CDATA[admin]]></wp:author_login><wp:author_email><![CDATA[contact.cththemes@gmail.com]]></wp:author_email><wp:author_display_name><![CDATA[CTHthemes]]></wp:author_display_name><wp:author_first_name><![CDATA[]]></wp:author_first_name><wp:author_last_name><![CDATA[]]></wp:author_last_name></wp:author>


	<generator>https://wordpress.org/?v=4.4.2</generator>

	<item>
		<title>Monolit Contact Form</title>
		<link>http://demowp.cththemes.net/monolit/?post_type=wpcf7_contact_form&#038;p=5</link>
		<pubDate>Wed, 17 Feb 2016 16:07:00 +0000</pubDate>
		<dc:creator><![CDATA[admin]]></dc:creator>
		<guid isPermaLink="false">http://demowp.cththemes.net/monolit/?post_type=wpcf7_contact_form&#038;p=5</guid>
		<description></description>
		<content:encoded><![CDATA[<div class="contact-form-holder">
<div id="contact-form">
[text* your-name placeholder "Name"]
[email* your-email placeholder "E-mail"]
[textarea* your-message placeholder "Message"]
[submit id:submit "Send Message"]
</div>
</div>
<div class="clearfix"></div>
Monolit Contact Form
contact.cththemes@gmail.com
From: Monolit Theme <contact.cththemes@gmail.com>
Subject: Monolit Contact Form

Message Body:
[your-message]

--
This e-mail was sent from a contact form on Monolit (http://demowp.cththemes.net/monolit)
[your-email]
Reply-To: contact.cththemes@gmail.com




[your-subject]
Monolit <contact.cththemes@gmail.com>
Message Body:
[your-message]

--
This e-mail was sent from a contact form on Monolit (http://demowp.cththemes.net/monolit)
[your-email]
Reply-To: contact.cththemes@gmail.com



Your message was sent successfully. Thanks.
Failed to send your message. Please try later or contact the administrator by another method.
Validation errors occurred. Please confirm the fields and submit it again.
Failed to send your message. Please try later or contact the administrator by another method.
Please accept the terms to proceed.
Please fill in the required field.
This input is too long.
This input is too short.
Date format seems invalid.
This date is too early.
This date is too late.
Failed to upload file.
This file type is not allowed.
This file is too large.
Failed to upload file. Error occurred.
Number format seems invalid.
This number is too small.
This number is too large.
Your answer is not correct.
Your entered code is incorrect.
Email address seems invalid.
URL seems invalid.
Telephone number seems invalid.]]></content:encoded>
		<excerpt:encoded><![CDATA[]]></excerpt:encoded>
		<wp:post_id>5</wp:post_id>
		<wp:post_date><![CDATA[2016-02-17 16:07:00]]></wp:post_date>
		<wp:post_date_gmt><![CDATA[2016-02-17 16:07:00]]></wp:post_date_gmt>
		<wp:comment_status><![CDATA[closed]]></wp:comment_status>
		<wp:ping_status><![CDATA[closed]]></wp:ping_status>
		<wp:post_name><![CDATA[contact-form-1]]></wp:post_name>
		<wp:status><![CDATA[publish]]></wp:status>
		<wp:post_parent>0</wp:post_parent>
		<wp:menu_order>0</wp:menu_order>
		<wp:post_type><![CDATA[wpcf7_contact_form]]></wp:post_type>
		<wp:post_password><![CDATA[]]></wp:post_password>
		<wp:is_sticky>0</wp:is_sticky>
		<wp:postmeta>
			<wp:meta_key><![CDATA[_form]]></wp:meta_key>
			<wp:meta_value><![CDATA[<div class="contact-form-holder">
<div id="contact-form">
[text* your-name placeholder "Name"]
[email* your-email placeholder "E-mail"]
[textarea* your-message placeholder "Message"]
[submit id:submit "Send Message"]
</div>
</div>
<div class="clearfix"></div>]]></wp:meta_value>
		</wp:postmeta>
		<wp:postmeta>
			<wp:meta_key><![CDATA[_mail]]></wp:meta_key>
			<wp:meta_value><![CDATA[a:8:{s:7:"subject";s:20:"Monolit Contact Form";s:6:"sender";s:27:"contact.cththemes@gmail.com";s:4:"body";s:203:"From: Monolit Theme <contact.cththemes@gmail.com>
Subject: Monolit Contact Form

Message Body:
[your-message]

--
This e-mail was sent from a contact form on Monolit (http://demowp.cththemes.net/monolit)";s:9:"recipient";s:12:"[your-email]";s:18:"additional_headers";s:37:"Reply-To: contact.cththemes@gmail.com";s:11:"attachments";s:0:"";s:8:"use_html";b:0;s:13:"exclude_blank";b:0;}]]></wp:meta_value>
		</wp:postmeta>
		<wp:postmeta>
			<wp:meta_key><![CDATA[_mail_2]]></wp:meta_key>
			<wp:meta_value><![CDATA[a:9:{s:6:"active";b:0;s:7:"subject";s:14:"[your-subject]";s:6:"sender";s:37:"Monolit <contact.cththemes@gmail.com>";s:4:"body";s:122:"Message Body:
[your-message]

--
This e-mail was sent from a contact form on Monolit (http://demowp.cththemes.net/monolit)";s:9:"recipient";s:12:"[your-email]";s:18:"additional_headers";s:37:"Reply-To: contact.cththemes@gmail.com";s:11:"attachments";s:0:"";s:8:"use_html";b:0;s:13:"exclude_blank";b:0;}]]></wp:meta_value>
		</wp:postmeta>
		<wp:postmeta>
			<wp:meta_key><![CDATA[_messages]]></wp:meta_key>
			<wp:meta_value><![CDATA[a:23:{s:12:"mail_sent_ok";s:43:"Your message was sent successfully. Thanks.";s:12:"mail_sent_ng";s:93:"Failed to send your message. Please try later or contact the administrator by another method.";s:16:"validation_error";s:74:"Validation errors occurred. Please confirm the fields and submit it again.";s:4:"spam";s:93:"Failed to send your message. Please try later or contact the administrator by another method.";s:12:"accept_terms";s:35:"Please accept the terms to proceed.";s:16:"invalid_required";s:34:"Please fill in the required field.";s:16:"invalid_too_long";s:23:"This input is too long.";s:17:"invalid_too_short";s:24:"This input is too short.";s:12:"invalid_date";s:26:"Date format seems invalid.";s:14:"date_too_early";s:23:"This date is too early.";s:13:"date_too_late";s:22:"This date is too late.";s:13:"upload_failed";s:22:"Failed to upload file.";s:24:"upload_file_type_invalid";s:30:"This file type is not allowed.";s:21:"upload_file_too_large";s:23:"This file is too large.";s:23:"upload_failed_php_error";s:38:"Failed to upload file. Error occurred.";s:14:"invalid_number";s:28:"Number format seems invalid.";s:16:"number_too_small";s:25:"This number is too small.";s:16:"number_too_large";s:25:"This number is too large.";s:23:"quiz_answer_not_correct";s:27:"Your answer is not correct.";s:17:"captcha_not_match";s:31:"Your entered code is incorrect.";s:13:"invalid_email";s:28:"Email address seems invalid.";s:11:"invalid_url";s:18:"URL seems invalid.";s:11:"invalid_tel";s:31:"Telephone number seems invalid.";}]]></wp:meta_value>
		</wp:postmeta>
		<wp:postmeta>
			<wp:meta_key><![CDATA[_additional_settings]]></wp:meta_key>
			<wp:meta_value><![CDATA[]]></wp:meta_value>
		</wp:postmeta>
		<wp:postmeta>
			<wp:meta_key><![CDATA[_locale]]></wp:meta_key>
			<wp:meta_value><![CDATA[en_US]]></wp:meta_value>
		</wp:postmeta>
		<wp:postmeta>
			<wp:meta_key><![CDATA[_vc_post_settings]]></wp:meta_key>
			<wp:meta_value><![CDATA[a:1:{s:10:"vc_grid_id";a:0:{}}]]></wp:meta_value>
		</wp:postmeta>
	</item>
</channel>
</rss>
