<?xml version="1.0" encoding="UTF-8" ?>
<!-- This is a WordPress eXtended RSS file generated by WordPress as an export of your site. -->
<!-- It contains information about your site's posts, pages, comments, categories, and other content. -->
<!-- You may use this file to transfer that content from one site to another. -->
<!-- This file is not intended to serve as a complete backup of your site. -->

<!-- To import this information into a WordPress site follow these steps: -->
<!-- 1. Log in to that site as an administrator. -->
<!-- 2. Go to Tools: Import in the WordPress admin panel. -->
<!-- 3. Install the "WordPress" importer from the list. -->
<!-- 4. Activate & Run Importer. -->
<!-- 5. Upload this file using the form provided on that page. -->
<!-- 6. You will first be asked to map the authors in this export file to users -->
<!--    on the site. For each author, you may choose to map to an -->
<!--    existing user on the site or to create a new user. -->
<!-- 7. WordPress will then import each of the posts, pages, comments, categories, etc. -->
<!--    contained in this file into your site. -->

<!-- generator="WordPress/4.4.2" created="2016-03-16 06:14" -->
<rss version="2.0"
	xmlns:excerpt="http://wordpress.org/export/1.2/excerpt/"
	xmlns:content="http://purl.org/rss/1.0/modules/content/"
	xmlns:wfw="http://wellformedweb.org/CommentAPI/"
	xmlns:dc="http://purl.org/dc/elements/1.1/"
	xmlns:wp="http://wordpress.org/export/1.2/"
>

<channel>
	<title>Monolit</title>
	<link>http://demowp.cththemes.net/monolit</link>
	<description>Responsive Architecture Wordpress Theme</description>
	<pubDate>Wed, 16 Mar 2016 06:14:37 +0000</pubDate>
	<language>en-US</language>
	<wp:wxr_version>1.2</wp:wxr_version>
	<wp:base_site_url>http://demowp.cththemes.net/monolit</wp:base_site_url>
	<wp:base_blog_url>http://demowp.cththemes.net/monolit</wp:base_blog_url>

	<wp:author><wp:author_id>1</wp:author_id><wp:author_login><![CDATA[admin]]></wp:author_login><wp:author_email><![CDATA[contact.cththemes@gmail.com]]></wp:author_email><wp:author_display_name><![CDATA[CTHthemes]]></wp:author_display_name><wp:author_first_name><![CDATA[]]></wp:author_first_name><wp:author_last_name><![CDATA[]]></wp:author_last_name></wp:author>


	<generator>https://wordpress.org/?v=4.4.2</generator>

	<item>
		<title>Mila -s-Slavko-s-</title>
		<link>http://demowp.cththemes.net/monolit/monolit_member/mila-slavko/</link>
		<pubDate>Fri, 04 Mar 2016 03:18:09 +0000</pubDate>
		<dc:creator><![CDATA[admin]]></dc:creator>
		<guid isPermaLink="false">http://demowp.cththemes.net/monolit/?post_type=monolit_member&#038;p=336</guid>
		<description></description>
		<content:encoded><![CDATA[[vc_row][vc_column][vc_column_text]
<h2 class="section-title">Mila <strong>Slavko</strong></h2>
Our team takes over everything, from an idea and concept development to realization. We believe in traditions and incorporate them within our innovations. All our projects incorporate a unique artistic image and functional solutions. Client is the soul of the project. Our main goal is to illustrate his/hers values and individuality through design.

Our team takes over everything, from an idea and concept development to realization. We believe in traditions and incorporate them within our innovations. All our projects incorporate a unique artistic image and functional solutions. Client is the soul of the project. Our main goal is to illustrate his/hers values and individuality through design.
<div class="process-box">
<h3>Responsibility</h3>
<ul class="creat-list">
	<li><a href="#">Design</a></li>
	<li><a href="#">Architecture</a></li>
	<li><a href="#">Construction</a></li>
</ul>
</div>
[/vc_column_text][monolit_skills_bar values="%5B%7B%22label%22%3A%22Photoshop%22%2C%22value%22%3A%2295%22%7D%2C%7B%22label%22%3A%22Illustrator%22%2C%22value%22%3A%2265%22%7D%2C%7B%22label%22%3A%223D%20MAX%22%2C%22value%22%3A%2275%22%7D%5D"][/vc_column][/vc_row]]]></content:encoded>
		<excerpt:encoded><![CDATA[<p>Our team takes over everything, from an idea and concept development to realization. We believe in traditions and incorporate them within our innovations. All our projects incorporate a unique artistic image and functional solutions. Client is the soul of the project. Our main goal is to illustrate his/hers values and individuality through design.</p>
<p>Our team takes over everything, from an idea and concept development to realization. We believe in traditions and incorporate them within our innovations. All our projects incorporate a unique artistic image and functional solutions. Client is the soul of the project. Our main goal is to illustrate his/hers values and individuality through design.</p>
<div class="process-box">
    <h3>Social Networks</h3>
    <ul class="creat-list">
        <li><a href="https://www.facebook.com/cththemes" target="_blank">Facebook</a></li>
        <li><a href="https://twitter.com/CTHthemes" target="_blank">Twitter</a></li>
        <li><a href="#" target="_blank">Instagram</a></li>
    </ul>
</div>]]></excerpt:encoded>
		<wp:post_id>336</wp:post_id>
		<wp:post_date><![CDATA[2016-03-04 03:18:09]]></wp:post_date>
		<wp:post_date_gmt><![CDATA[2016-03-04 03:18:09]]></wp:post_date_gmt>
		<wp:comment_status><![CDATA[closed]]></wp:comment_status>
		<wp:ping_status><![CDATA[closed]]></wp:ping_status>
		<wp:post_name><![CDATA[mila-slavko]]></wp:post_name>
		<wp:status><![CDATA[publish]]></wp:status>
		<wp:post_parent>0</wp:post_parent>
		<wp:menu_order>0</wp:menu_order>
		<wp:post_type><![CDATA[monolit_member]]></wp:post_type>
		<wp:post_password><![CDATA[]]></wp:post_password>
		<wp:is_sticky>0</wp:is_sticky>
		<wp:postmeta>
			<wp:meta_key><![CDATA[_vc_post_settings]]></wp:meta_key>
			<wp:meta_value><![CDATA[a:1:{s:10:"vc_grid_id";a:0:{}}]]></wp:meta_value>
		</wp:postmeta>
		<wp:postmeta>
			<wp:meta_key><![CDATA[_edit_last]]></wp:meta_key>
			<wp:meta_value><![CDATA[1]]></wp:meta_value>
		</wp:postmeta>
		<wp:postmeta>
			<wp:meta_key><![CDATA[_thumbnail_id]]></wp:meta_key>
			<wp:meta_value><![CDATA[98]]></wp:meta_value>
		</wp:postmeta>
		<wp:postmeta>
			<wp:meta_key><![CDATA[_wpb_vc_js_status]]></wp:meta_key>
			<wp:meta_value><![CDATA[true]]></wp:meta_value>
		</wp:postmeta>
		<wp:postmeta>
			<wp:meta_key><![CDATA[_monolit_show_member_header]]></wp:meta_key>
			<wp:meta_value><![CDATA[no]]></wp:meta_value>
		</wp:postmeta>
		<wp:postmeta>
			<wp:meta_key><![CDATA[_monolit_show_member_title]]></wp:meta_key>
			<wp:meta_value><![CDATA[yes]]></wp:meta_value>
		</wp:postmeta>
		<wp:postmeta>
			<wp:meta_key><![CDATA[_monolit_show_member_breadcrumbs]]></wp:meta_key>
			<wp:meta_value><![CDATA[yes]]></wp:meta_value>
		</wp:postmeta>
		<wp:postmeta>
			<wp:meta_key><![CDATA[_monolit_single_layout]]></wp:meta_key>
			<wp:meta_value><![CDATA[fullwidth]]></wp:meta_value>
		</wp:postmeta>
		<wp:postmeta>
			<wp:meta_key><![CDATA[_monolit_fullwidth_nav_menu]]></wp:meta_key>
			<wp:meta_value><![CDATA[yes]]></wp:meta_value>
		</wp:postmeta>
		<wp:postmeta>
			<wp:meta_key><![CDATA[_monolit_member_header_bg_id]]></wp:meta_key>
			<wp:meta_value><![CDATA[0]]></wp:meta_value>
		</wp:postmeta>
	</item>
	<item>
		<title>Austin -s-Evon-s-</title>
		<link>http://demowp.cththemes.net/monolit/monolit_member/austin-evon/</link>
		<pubDate>Fri, 04 Mar 2016 03:19:47 +0000</pubDate>
		<dc:creator><![CDATA[admin]]></dc:creator>
		<guid isPermaLink="false">http://demowp.cththemes.net/monolit/?post_type=monolit_member&#038;p=337</guid>
		<description></description>
		<content:encoded><![CDATA[[vc_row][vc_column][vc_column_text]
<h2 class="section-title">Austin <strong>Evon</strong></h2>
Our team takes over everything, from an idea and concept development to realization. We believe in traditions and incorporate them within our innovations. All our projects incorporate a unique artistic image and functional solutions. Client is the soul of the project. Our main goal is to illustrate his/hers values and individuality through design.

Our team takes over everything, from an idea and concept development to realization. We believe in traditions and incorporate them within our innovations. All our projects incorporate a unique artistic image and functional solutions. Client is the soul of the project. Our main goal is to illustrate his/hers values and individuality through design.
<div class="process-box">
<h3>Responsibility</h3>
<ul class="creat-list">
	<li><a href="#">Design</a></li>
	<li><a href="#">Architecture</a></li>
	<li><a href="#">Construction</a></li>
</ul>
</div>
[/vc_column_text][monolit_skills_bar values="%5B%7B%22label%22%3A%22Photoshop%22%2C%22value%22%3A%2295%22%7D%2C%7B%22label%22%3A%22Illustrator%22%2C%22value%22%3A%2265%22%7D%2C%7B%22label%22%3A%223D%20MAX%22%2C%22value%22%3A%2275%22%7D%5D"][/vc_column][/vc_row]]]></content:encoded>
		<excerpt:encoded><![CDATA[<p>Our team takes over everything, from an idea and concept development to realization. We believe in traditions and incorporate them within our innovations. All our projects incorporate a unique artistic image and functional solutions. Client is the soul of the project. Our main goal is to illustrate his/hers values and individuality through design.</p>
<p>Our team takes over everything, from an idea and concept development to realization. We believe in traditions and incorporate them within our innovations. All our projects incorporate a unique artistic image and functional solutions. Client is the soul of the project. Our main goal is to illustrate his/hers values and individuality through design.</p>
<div class="process-box">
    <h3>Social Networks</h3>
    <ul class="creat-list">
        <li><a href="https://www.facebook.com/cththemes" target="_blank">Facebook</a></li>
        <li><a href="https://twitter.com/CTHthemes" target="_blank">Twitter</a></li>
        <li><a href="#" target="_blank">Instagram</a></li>
    </ul>
</div>]]></excerpt:encoded>
		<wp:post_id>337</wp:post_id>
		<wp:post_date><![CDATA[2016-03-04 03:19:47]]></wp:post_date>
		<wp:post_date_gmt><![CDATA[2016-03-04 03:19:47]]></wp:post_date_gmt>
		<wp:comment_status><![CDATA[closed]]></wp:comment_status>
		<wp:ping_status><![CDATA[closed]]></wp:ping_status>
		<wp:post_name><![CDATA[austin-evon]]></wp:post_name>
		<wp:status><![CDATA[publish]]></wp:status>
		<wp:post_parent>0</wp:post_parent>
		<wp:menu_order>0</wp:menu_order>
		<wp:post_type><![CDATA[monolit_member]]></wp:post_type>
		<wp:post_password><![CDATA[]]></wp:post_password>
		<wp:is_sticky>0</wp:is_sticky>
		<wp:postmeta>
			<wp:meta_key><![CDATA[_vc_post_settings]]></wp:meta_key>
			<wp:meta_value><![CDATA[a:1:{s:10:"vc_grid_id";a:0:{}}]]></wp:meta_value>
		</wp:postmeta>
		<wp:postmeta>
			<wp:meta_key><![CDATA[_edit_last]]></wp:meta_key>
			<wp:meta_value><![CDATA[1]]></wp:meta_value>
		</wp:postmeta>
		<wp:postmeta>
			<wp:meta_key><![CDATA[_thumbnail_id]]></wp:meta_key>
			<wp:meta_value><![CDATA[99]]></wp:meta_value>
		</wp:postmeta>
		<wp:postmeta>
			<wp:meta_key><![CDATA[_wpb_vc_js_status]]></wp:meta_key>
			<wp:meta_value><![CDATA[true]]></wp:meta_value>
		</wp:postmeta>
		<wp:postmeta>
			<wp:meta_key><![CDATA[_monolit_show_member_header]]></wp:meta_key>
			<wp:meta_value><![CDATA[no]]></wp:meta_value>
		</wp:postmeta>
		<wp:postmeta>
			<wp:meta_key><![CDATA[_monolit_show_member_title]]></wp:meta_key>
			<wp:meta_value><![CDATA[yes]]></wp:meta_value>
		</wp:postmeta>
		<wp:postmeta>
			<wp:meta_key><![CDATA[_monolit_show_member_breadcrumbs]]></wp:meta_key>
			<wp:meta_value><![CDATA[yes]]></wp:meta_value>
		</wp:postmeta>
		<wp:postmeta>
			<wp:meta_key><![CDATA[_monolit_single_layout]]></wp:meta_key>
			<wp:meta_value><![CDATA[fullwidth]]></wp:meta_value>
		</wp:postmeta>
		<wp:postmeta>
			<wp:meta_key><![CDATA[_monolit_fullwidth_nav_menu]]></wp:meta_key>
			<wp:meta_value><![CDATA[yes]]></wp:meta_value>
		</wp:postmeta>
		<wp:postmeta>
			<wp:meta_key><![CDATA[_monolit_member_header_bg_id]]></wp:meta_key>
			<wp:meta_value><![CDATA[0]]></wp:meta_value>
		</wp:postmeta>
	</item>
	<item>
		<title>Jon -s-Twist-s-</title>
		<link>http://demowp.cththemes.net/monolit/monolit_member/jon-twist/</link>
		<pubDate>Fri, 04 Mar 2016 03:20:30 +0000</pubDate>
		<dc:creator><![CDATA[admin]]></dc:creator>
		<guid isPermaLink="false">http://demowp.cththemes.net/monolit/?post_type=monolit_member&#038;p=338</guid>
		<description></description>
		<content:encoded><![CDATA[[vc_row][vc_column][vc_column_text]
<h2 class="section-title">Jon <strong>Twist</strong></h2>
Our team takes over everything, from an idea and concept development to realization. We believe in traditions and incorporate them within our innovations. All our projects incorporate a unique artistic image and functional solutions. Client is the soul of the project. Our main goal is to illustrate his/hers values and individuality through design.

Our team takes over everything, from an idea and concept development to realization. We believe in traditions and incorporate them within our innovations. All our projects incorporate a unique artistic image and functional solutions. Client is the soul of the project. Our main goal is to illustrate his/hers values and individuality through design.
<div class="process-box">
<h3>Responsibility</h3>
<ul class="creat-list">
	<li><a href="#">Design</a></li>
	<li><a href="#">Architecture</a></li>
	<li><a href="#">Construction</a></li>
</ul>
</div>
[/vc_column_text][monolit_skills_bar values="%5B%7B%22label%22%3A%22Photoshop%22%2C%22value%22%3A%2295%22%7D%2C%7B%22label%22%3A%22Illustrator%22%2C%22value%22%3A%2265%22%7D%2C%7B%22label%22%3A%223D%20MAX%22%2C%22value%22%3A%2275%22%7D%5D"][/vc_column][/vc_row]]]></content:encoded>
		<excerpt:encoded><![CDATA[<p>Our team takes over everything, from an idea and concept development to realization. We believe in traditions and incorporate them within our innovations. All our projects incorporate a unique artistic image and functional solutions. Client is the soul of the project. Our main goal is to illustrate his/hers values and individuality through design.</p>
<p>Our team takes over everything, from an idea and concept development to realization. We believe in traditions and incorporate them within our innovations. All our projects incorporate a unique artistic image and functional solutions. Client is the soul of the project. Our main goal is to illustrate his/hers values and individuality through design.</p>
<div class="process-box">
    <h3>Social Networks</h3>
    <ul class="creat-list">
        <li><a href="https://www.facebook.com/cththemes" target="_blank">Facebook</a></li>
        <li><a href="https://twitter.com/CTHthemes" target="_blank">Twitter</a></li>
        <li><a href="#" target="_blank">Instagram</a></li>
    </ul>
</div>]]></excerpt:encoded>
		<wp:post_id>338</wp:post_id>
		<wp:post_date><![CDATA[2016-03-04 03:20:30]]></wp:post_date>
		<wp:post_date_gmt><![CDATA[2016-03-04 03:20:30]]></wp:post_date_gmt>
		<wp:comment_status><![CDATA[closed]]></wp:comment_status>
		<wp:ping_status><![CDATA[closed]]></wp:ping_status>
		<wp:post_name><![CDATA[jon-twist]]></wp:post_name>
		<wp:status><![CDATA[publish]]></wp:status>
		<wp:post_parent>0</wp:post_parent>
		<wp:menu_order>0</wp:menu_order>
		<wp:post_type><![CDATA[monolit_member]]></wp:post_type>
		<wp:post_password><![CDATA[]]></wp:post_password>
		<wp:is_sticky>0</wp:is_sticky>
		<wp:postmeta>
			<wp:meta_key><![CDATA[_vc_post_settings]]></wp:meta_key>
			<wp:meta_value><![CDATA[a:1:{s:10:"vc_grid_id";a:0:{}}]]></wp:meta_value>
		</wp:postmeta>
		<wp:postmeta>
			<wp:meta_key><![CDATA[_edit_last]]></wp:meta_key>
			<wp:meta_value><![CDATA[1]]></wp:meta_value>
		</wp:postmeta>
		<wp:postmeta>
			<wp:meta_key><![CDATA[_thumbnail_id]]></wp:meta_key>
			<wp:meta_value><![CDATA[101]]></wp:meta_value>
		</wp:postmeta>
		<wp:postmeta>
			<wp:meta_key><![CDATA[_wpb_vc_js_status]]></wp:meta_key>
			<wp:meta_value><![CDATA[true]]></wp:meta_value>
		</wp:postmeta>
		<wp:postmeta>
			<wp:meta_key><![CDATA[_monolit_show_member_header]]></wp:meta_key>
			<wp:meta_value><![CDATA[no]]></wp:meta_value>
		</wp:postmeta>
		<wp:postmeta>
			<wp:meta_key><![CDATA[_monolit_show_member_title]]></wp:meta_key>
			<wp:meta_value><![CDATA[yes]]></wp:meta_value>
		</wp:postmeta>
		<wp:postmeta>
			<wp:meta_key><![CDATA[_monolit_show_member_breadcrumbs]]></wp:meta_key>
			<wp:meta_value><![CDATA[yes]]></wp:meta_value>
		</wp:postmeta>
		<wp:postmeta>
			<wp:meta_key><![CDATA[_monolit_single_layout]]></wp:meta_key>
			<wp:meta_value><![CDATA[fullwidth]]></wp:meta_value>
		</wp:postmeta>
		<wp:postmeta>
			<wp:meta_key><![CDATA[_monolit_fullwidth_nav_menu]]></wp:meta_key>
			<wp:meta_value><![CDATA[yes]]></wp:meta_value>
		</wp:postmeta>
		<wp:postmeta>
			<wp:meta_key><![CDATA[_monolit_member_header_bg_id]]></wp:meta_key>
			<wp:meta_value><![CDATA[0]]></wp:meta_value>
		</wp:postmeta>
	</item>
</channel>
</rss>
