<?xml version="1.0" encoding="UTF-8" ?>
<!-- This is a WordPress eXtended RSS file generated by WordPress as an export of your site. -->
<!-- It contains information about your site's posts, pages, comments, categories, and other content. -->
<!-- You may use this file to transfer that content from one site to another. -->
<!-- This file is not intended to serve as a complete backup of your site. -->

<!-- To import this information into a WordPress site follow these steps: -->
<!-- 1. Log in to that site as an administrator. -->
<!-- 2. Go to Tools: Import in the WordPress admin panel. -->
<!-- 3. Install the "WordPress" importer from the list. -->
<!-- 4. Activate & Run Importer. -->
<!-- 5. Upload this file using the form provided on that page. -->
<!-- 6. You will first be asked to map the authors in this export file to users -->
<!--    on the site. For each author, you may choose to map to an -->
<!--    existing user on the site or to create a new user. -->
<!-- 7. WordPress will then import each of the posts, pages, comments, categories, etc. -->
<!--    contained in this file into your site. -->

<!-- generator="WordPress/4.4.2" created="2016-03-16 06:06" -->
<rss version="2.0"
	xmlns:excerpt="http://wordpress.org/export/1.2/excerpt/"
	xmlns:content="http://purl.org/rss/1.0/modules/content/"
	xmlns:wfw="http://wellformedweb.org/CommentAPI/"
	xmlns:dc="http://purl.org/dc/elements/1.1/"
	xmlns:wp="http://wordpress.org/export/1.2/"
>

<channel>
	<title>Monolit</title>
	<link>http://demowp.cththemes.net/monolit</link>
	<description>Responsive Architecture Wordpress Theme</description>
	<pubDate>Wed, 16 Mar 2016 06:06:31 +0000</pubDate>
	<language>en-US</language>
	<wp:wxr_version>1.2</wp:wxr_version>
	<wp:base_site_url>http://demowp.cththemes.net/monolit</wp:base_site_url>
	<wp:base_blog_url>http://demowp.cththemes.net/monolit</wp:base_blog_url>

	<wp:author><wp:author_id>1</wp:author_id><wp:author_login><![CDATA[admin]]></wp:author_login><wp:author_email><![CDATA[contact.cththemes@gmail.com]]></wp:author_email><wp:author_display_name><![CDATA[CTHthemes]]></wp:author_display_name><wp:author_first_name><![CDATA[]]></wp:author_first_name><wp:author_last_name><![CDATA[]]></wp:author_last_name></wp:author>


	<generator>https://wordpress.org/?v=4.4.2</generator>

	<item>
		<title>Hello world!</title>
		<link>http://demowp.cththemes.net/monolit/hello-world/</link>
		<pubDate>Wed, 17 Feb 2016 15:38:58 +0000</pubDate>
		<dc:creator><![CDATA[admin]]></dc:creator>
		<guid isPermaLink="false">http://demowp.cththemes.net/monolit/?p=1</guid>
		<description></description>
		<content:encoded><![CDATA[Welcome to WordPress. This is your first post. Edit or delete it, then start writing!]]></content:encoded>
		<excerpt:encoded><![CDATA[]]></excerpt:encoded>
		<wp:post_id>1</wp:post_id>
		<wp:post_date><![CDATA[2016-02-17 15:38:58]]></wp:post_date>
		<wp:post_date_gmt><![CDATA[2016-02-17 15:38:58]]></wp:post_date_gmt>
		<wp:comment_status><![CDATA[open]]></wp:comment_status>
		<wp:ping_status><![CDATA[open]]></wp:ping_status>
		<wp:post_name><![CDATA[hello-world]]></wp:post_name>
		<wp:status><![CDATA[trash]]></wp:status>
		<wp:post_parent>0</wp:post_parent>
		<wp:menu_order>0</wp:menu_order>
		<wp:post_type><![CDATA[post]]></wp:post_type>
		<wp:post_password><![CDATA[]]></wp:post_password>
		<wp:is_sticky>0</wp:is_sticky>
		<category domain="category" nicename="uncategorized"><![CDATA[Uncategorized]]></category>
		<wp:postmeta>
			<wp:meta_key><![CDATA[_wp_trash_meta_status]]></wp:meta_key>
			<wp:meta_value><![CDATA[publish]]></wp:meta_value>
		</wp:postmeta>
		<wp:postmeta>
			<wp:meta_key><![CDATA[_wp_trash_meta_time]]></wp:meta_key>
			<wp:meta_value><![CDATA[1456153431]]></wp:meta_value>
		</wp:postmeta>
		<wp:postmeta>
			<wp:meta_key><![CDATA[_vc_post_settings]]></wp:meta_key>
			<wp:meta_value><![CDATA[a:1:{s:10:"vc_grid_id";a:0:{}}]]></wp:meta_value>
		</wp:postmeta>
		<wp:postmeta>
			<wp:meta_key><![CDATA[_wp_trash_meta_comments_status]]></wp:meta_key>
			<wp:meta_value><![CDATA[a:1:{i:1;s:1:"1";}]]></wp:meta_value>
		</wp:postmeta>
		<wp:comment>
			<wp:comment_id>1</wp:comment_id>
			<wp:comment_author><![CDATA[Mr WordPress]]></wp:comment_author>
			<wp:comment_author_email><![CDATA[]]></wp:comment_author_email>
			<wp:comment_author_url>https://wordpress.org/</wp:comment_author_url>
			<wp:comment_author_IP><![CDATA[]]></wp:comment_author_IP>
			<wp:comment_date><![CDATA[2016-02-17 15:38:58]]></wp:comment_date>
			<wp:comment_date_gmt><![CDATA[2016-02-17 15:38:58]]></wp:comment_date_gmt>
			<wp:comment_content><![CDATA[Hi, this is a comment.
To delete a comment, just log in and view the post&#039;s comments. There you will have the option to edit or delete them.]]></wp:comment_content>
			<wp:comment_approved><![CDATA[post-trashed]]></wp:comment_approved>
			<wp:comment_type><![CDATA[]]></wp:comment_type>
			<wp:comment_parent>0</wp:comment_parent>
			<wp:comment_user_id>0</wp:comment_user_id>
		</wp:comment>
	</item>
	<item>
		<title>Blog Post  -s-Title-s-6</title>
		<link>http://demowp.cththemes.net/monolit/blog-post-title-6/</link>
		<pubDate>Sun, 06 Dec 2015 13:26:00 +0000</pubDate>
		<dc:creator><![CDATA[admin]]></dc:creator>
		<guid isPermaLink="false">http://demowp.cththemes.net/outdoor/?p=274</guid>
		<description></description>
		<content:encoded><![CDATA[<p class="no-rep">Vestibulum orci felis, ullamcorper non condimentum non, ultrices ac nunc. Mauris non ligula suscipit, vulputate mi accumsan, dapibus felis. Nullam sed sapien dui. Nulla auctor sit amet sem non porta. Integer iaculis tellus nulla, quis imperdiet magna venenatis vitae.</p>
<!--more-->
<p class="no-rep">Ut nec hinc dolor possim. An eros argumentum vel, elit diceret duo eu, quo et aliquid ornatus delicatissimi. Cu nam tale ferri utroque, eu habemus albucius mel, cu vidit possit ornatus eum. Eu ius postulant salutatus definitionem, an eam dicant voluptua, pri cu legendos moderatius. Nihil quaeque moderatius quo ut, eu vix noster fierent postulant. Est ut magna tation, nec timeam tractatos dissentiunt id, ne integre albucius eam. Animal docendi efficiantur ut eam. Malis nonumy mediocritatem mea an. Timeam definitionem his id, iriure omittam intellegam id sed, mea ad nostrud erroribus explicari. Graeci viderer qui ut, at habeo facer solet usu. Pri choro pertinax indoctum ne, ad partiendo persecuti forensibus est.</p>

<blockquote>
<p class="no-rep">Vestibulum id ligula porta felis euismod semper. Sed posuere consectetur est at lobortis. Aenean eu leo quam. Pellentesque ornare sem lacinia quam venenatis vestibulum. Duis mollis, est non commodo luctus, nisi erat porttitor ligula, eget lacinia odio sem nec elit. Donec ullamcorper nulla non metus auctor fringilla. Vestibulum id ligula porta felis euismod semper.</p>
</blockquote>
<p class="no-rep">Ut nec hinc dolor possim. An eros argumentum vel, elit diceret duo eu, quo et aliquid ornatus delicatissimi. Cu nam tale ferri utroque, eu habemus albucius mel, cu vidit possit ornatus eum. Eu ius postulant salutatus definitionem, an eam dicant voluptua, pri cu legendos moderatius. Nihil quaeque moderatius quo ut, eu vix noster fierent postulant. Est ut magna tation, nec timeam tractatos dissentiunt id, ne integre albucius eam. Animal docendi efficiantur ut eam. Malis nonumy mediocritatem mea an. Timeam definitionem his id, iriure omittam intellegam id sed, mea ad nostrud erroribus explicari. Graeci viderer qui ut, at habeo facer solet usu. Pri choro pertinax indoctum ne, ad partiendo persecuti forensibus est.</p>]]></content:encoded>
		<excerpt:encoded><![CDATA[]]></excerpt:encoded>
		<wp:post_id>274</wp:post_id>
		<wp:post_date><![CDATA[2015-12-06 13:26:00]]></wp:post_date>
		<wp:post_date_gmt><![CDATA[2015-12-06 13:26:00]]></wp:post_date_gmt>
		<wp:comment_status><![CDATA[open]]></wp:comment_status>
		<wp:ping_status><![CDATA[open]]></wp:ping_status>
		<wp:post_name><![CDATA[blog-post-title-6]]></wp:post_name>
		<wp:status><![CDATA[publish]]></wp:status>
		<wp:post_parent>0</wp:post_parent>
		<wp:menu_order>0</wp:menu_order>
		<wp:post_type><![CDATA[post]]></wp:post_type>
		<wp:post_password><![CDATA[]]></wp:post_password>
		<wp:is_sticky>0</wp:is_sticky>
		<category domain="post_format" nicename="post-format-image"><![CDATA[Image]]></category>
		<category domain="category" nicename="video"><![CDATA[Video]]></category>
		<category domain="post_tag" nicename="video"><![CDATA[Video]]></category>
		<category domain="post_tag" nicename="youtube"><![CDATA[Youtube]]></category>
		<wp:postmeta>
			<wp:meta_key><![CDATA[_vc_post_settings]]></wp:meta_key>
			<wp:meta_value><![CDATA[a:1:{s:10:"vc_grid_id";a:0:{}}]]></wp:meta_value>
		</wp:postmeta>
		<wp:postmeta>
			<wp:meta_key><![CDATA[_vc_post_settings]]></wp:meta_key>
			<wp:meta_value><![CDATA[a:1:{s:10:"vc_grid_id";a:0:{}}]]></wp:meta_value>
		</wp:postmeta>
		<wp:postmeta>
			<wp:meta_key><![CDATA[_cmb_single_layout]]></wp:meta_key>
			<wp:meta_value><![CDATA[right_sidebar]]></wp:meta_value>
		</wp:postmeta>
		<wp:postmeta>
			<wp:meta_key><![CDATA[_oembed_5e4cfc0965b5d6b54d5a74572b558742]]></wp:meta_key>
			<wp:meta_value><![CDATA[{{unknown}}]]></wp:meta_value>
		</wp:postmeta>
		<wp:postmeta>
			<wp:meta_key><![CDATA[_oembed_2f325b1af467de61590983ad3f324feb]]></wp:meta_key>
			<wp:meta_value><![CDATA[<iframe width="862" height="485" src="https://www.youtube.com/embed/50MukADPNCA?feature=oembed" frameborder="0" allowfullscreen></iframe>]]></wp:meta_value>
		</wp:postmeta>
		<wp:postmeta>
			<wp:meta_key><![CDATA[_oembed_time_2f325b1af467de61590983ad3f324feb]]></wp:meta_key>
			<wp:meta_value><![CDATA[1446821966]]></wp:meta_value>
		</wp:postmeta>
		<wp:postmeta>
			<wp:meta_key><![CDATA[_cmb_embed_video]]></wp:meta_key>
			<wp:meta_value><![CDATA[https://www.youtube.com/watch?v=50MukADPNCA]]></wp:meta_value>
		</wp:postmeta>
		<wp:postmeta>
			<wp:meta_key><![CDATA[_oembed_99a2cc188e698bf265be005271f0f739]]></wp:meta_key>
			<wp:meta_value><![CDATA[{{unknown}}]]></wp:meta_value>
		</wp:postmeta>
		<wp:postmeta>
			<wp:meta_key><![CDATA[_oembed_89cb75e027ff85bae234b263c39c1ad8]]></wp:meta_key>
			<wp:meta_value><![CDATA[{{unknown}}]]></wp:meta_value>
		</wp:postmeta>
		<wp:postmeta>
			<wp:meta_key><![CDATA[_oembed_eec48e7517b64edeb2fd0d4d8ef9411d]]></wp:meta_key>
			<wp:meta_value><![CDATA[{{unknown}}]]></wp:meta_value>
		</wp:postmeta>
		<wp:postmeta>
			<wp:meta_key><![CDATA[_oembed_de6034726f571a50ed18ce7bdd03ddf3]]></wp:meta_key>
			<wp:meta_value><![CDATA[<iframe width="640" height="360" src="https://www.youtube.com/embed/50MukADPNCA?feature=oembed" frameborder="0" allowfullscreen></iframe>]]></wp:meta_value>
		</wp:postmeta>
		<wp:postmeta>
			<wp:meta_key><![CDATA[_oembed_time_de6034726f571a50ed18ce7bdd03ddf3]]></wp:meta_key>
			<wp:meta_value><![CDATA[1446822126]]></wp:meta_value>
		</wp:postmeta>
		<wp:postmeta>
			<wp:meta_key><![CDATA[_cmb_post_header_intro]]></wp:meta_key>
			<wp:meta_value><![CDATA[<h3 class="subtitle">Duis lorem urna, porta gravida</h3>]]></wp:meta_value>
		</wp:postmeta>
		<wp:postmeta>
			<wp:meta_key><![CDATA[_edit_last]]></wp:meta_key>
			<wp:meta_value><![CDATA[1]]></wp:meta_value>
		</wp:postmeta>
		<wp:postmeta>
			<wp:meta_key><![CDATA[_wp_old_slug]]></wp:meta_key>
			<wp:meta_value><![CDATA[venenatis-vitae]]></wp:meta_value>
		</wp:postmeta>
		<wp:postmeta>
			<wp:meta_key><![CDATA[_thumbnail_id]]></wp:meta_key>
			<wp:meta_value><![CDATA[58]]></wp:meta_value>
		</wp:postmeta>
		<wp:postmeta>
			<wp:meta_key><![CDATA[_monolit_single_layout]]></wp:meta_key>
			<wp:meta_value><![CDATA[right_sidebar]]></wp:meta_value>
		</wp:postmeta>
		<wp:postmeta>
			<wp:meta_key><![CDATA[_monolit_fullwidth_nav_menu]]></wp:meta_key>
			<wp:meta_value><![CDATA[yes]]></wp:meta_value>
		</wp:postmeta>
		<wp:postmeta>
			<wp:meta_key><![CDATA[_monolit_show_post_header]]></wp:meta_key>
			<wp:meta_value><![CDATA[no]]></wp:meta_value>
		</wp:postmeta>
		<wp:postmeta>
			<wp:meta_key><![CDATA[_monolit_show_post_title]]></wp:meta_key>
			<wp:meta_value><![CDATA[yes]]></wp:meta_value>
		</wp:postmeta>
		<wp:postmeta>
			<wp:meta_key><![CDATA[_monolit_show_post_breadcrumbs]]></wp:meta_key>
			<wp:meta_value><![CDATA[yes]]></wp:meta_value>
		</wp:postmeta>
		<wp:postmeta>
			<wp:meta_key><![CDATA[_monolit_post_header_bg_id]]></wp:meta_key>
			<wp:meta_value><![CDATA[0]]></wp:meta_value>
		</wp:postmeta>
	</item>
	<item>
		<title>Blog Post  -s-Title-s-5</title>
		<link>http://demowp.cththemes.net/monolit/blog-post-title-5/</link>
		<pubDate>Sun, 20 Dec 2015 13:26:27 +0000</pubDate>
		<dc:creator><![CDATA[admin]]></dc:creator>
		<guid isPermaLink="false">http://demowp.cththemes.net/outdoor/?p=276</guid>
		<description></description>
		<content:encoded><![CDATA[<p class="no-rep">Vestibulum orci felis, ullamcorper non condimentum non, ultrices ac nunc. Mauris non ligula suscipit, vulputate mi accumsan, dapibus felis. Nullam sed sapien dui. Nulla auctor sit amet sem non porta. Integer iaculis tellus nulla, quis imperdiet magna venenatis vitae.</p>
<!--more-->
<p class="no-rep">Ut nec hinc dolor possim. An eros argumentum vel, elit diceret duo eu, quo et aliquid ornatus delicatissimi. Cu nam tale ferri utroque, eu habemus albucius mel, cu vidit possit ornatus eum. Eu ius postulant salutatus definitionem, an eam dicant voluptua, pri cu legendos moderatius. Nihil quaeque moderatius quo ut, eu vix noster fierent postulant. Est ut magna tation, nec timeam tractatos dissentiunt id, ne integre albucius eam. Animal docendi efficiantur ut eam. Malis nonumy mediocritatem mea an. Timeam definitionem his id, iriure omittam intellegam id sed, mea ad nostrud erroribus explicari. Graeci viderer qui ut, at habeo facer solet usu. Pri choro pertinax indoctum ne, ad partiendo persecuti forensibus est.</p>

<blockquote>
<p class="no-rep">Vestibulum id ligula porta felis euismod semper. Sed posuere consectetur est at lobortis. Aenean eu leo quam. Pellentesque ornare sem lacinia quam venenatis vestibulum. Duis mollis, est non commodo luctus, nisi erat porttitor ligula, eget lacinia odio sem nec elit. Donec ullamcorper nulla non metus auctor fringilla. Vestibulum id ligula porta felis euismod semper.</p>
</blockquote>
<p class="no-rep">Ut nec hinc dolor possim. An eros argumentum vel, elit diceret duo eu, quo et aliquid ornatus delicatissimi. Cu nam tale ferri utroque, eu habemus albucius mel, cu vidit possit ornatus eum. Eu ius postulant salutatus definitionem, an eam dicant voluptua, pri cu legendos moderatius. Nihil quaeque moderatius quo ut, eu vix noster fierent postulant. Est ut magna tation, nec timeam tractatos dissentiunt id, ne integre albucius eam. Animal docendi efficiantur ut eam. Malis nonumy mediocritatem mea an. Timeam definitionem his id, iriure omittam intellegam id sed, mea ad nostrud erroribus explicari. Graeci viderer qui ut, at habeo facer solet usu. Pri choro pertinax indoctum ne, ad partiendo persecuti forensibus est.</p>]]></content:encoded>
		<excerpt:encoded><![CDATA[]]></excerpt:encoded>
		<wp:post_id>276</wp:post_id>
		<wp:post_date><![CDATA[2015-12-20 13:26:27]]></wp:post_date>
		<wp:post_date_gmt><![CDATA[2015-12-20 13:26:27]]></wp:post_date_gmt>
		<wp:comment_status><![CDATA[open]]></wp:comment_status>
		<wp:ping_status><![CDATA[open]]></wp:ping_status>
		<wp:post_name><![CDATA[blog-post-title-5]]></wp:post_name>
		<wp:status><![CDATA[publish]]></wp:status>
		<wp:post_parent>0</wp:post_parent>
		<wp:menu_order>0</wp:menu_order>
		<wp:post_type><![CDATA[post]]></wp:post_type>
		<wp:post_password><![CDATA[]]></wp:post_password>
		<wp:is_sticky>0</wp:is_sticky>
		<category domain="category" nicename="image"><![CDATA[Image]]></category>
		<category domain="post_tag" nicename="image"><![CDATA[Image]]></category>
		<category domain="post_tag" nicename="post"><![CDATA[Post]]></category>
		<category domain="post_tag" nicename="tag"><![CDATA[Tag]]></category>
		<wp:postmeta>
			<wp:meta_key><![CDATA[_vc_post_settings]]></wp:meta_key>
			<wp:meta_value><![CDATA[a:1:{s:10:"vc_grid_id";a:0:{}}]]></wp:meta_value>
		</wp:postmeta>
		<wp:postmeta>
			<wp:meta_key><![CDATA[_vc_post_settings]]></wp:meta_key>
			<wp:meta_value><![CDATA[a:1:{s:10:"vc_grid_id";a:0:{}}]]></wp:meta_value>
		</wp:postmeta>
		<wp:postmeta>
			<wp:meta_key><![CDATA[_cmb_single_layout]]></wp:meta_key>
			<wp:meta_value><![CDATA[right_sidebar]]></wp:meta_value>
		</wp:postmeta>
		<wp:postmeta>
			<wp:meta_key><![CDATA[_thumbnail_id]]></wp:meta_key>
			<wp:meta_value><![CDATA[156]]></wp:meta_value>
		</wp:postmeta>
		<wp:postmeta>
			<wp:meta_key><![CDATA[_cmb_post_header_intro]]></wp:meta_key>
			<wp:meta_value><![CDATA[<h3 class="subtitle">Duis lorem urna, porta gravida</h3>]]></wp:meta_value>
		</wp:postmeta>
		<wp:postmeta>
			<wp:meta_key><![CDATA[_edit_last]]></wp:meta_key>
			<wp:meta_value><![CDATA[1]]></wp:meta_value>
		</wp:postmeta>
		<wp:postmeta>
			<wp:meta_key><![CDATA[_wp_old_slug]]></wp:meta_key>
			<wp:meta_value><![CDATA[ius-ignota-offendit]]></wp:meta_value>
		</wp:postmeta>
		<wp:postmeta>
			<wp:meta_key><![CDATA[_monolit_single_layout]]></wp:meta_key>
			<wp:meta_value><![CDATA[right_sidebar]]></wp:meta_value>
		</wp:postmeta>
		<wp:postmeta>
			<wp:meta_key><![CDATA[_monolit_fullwidth_nav_menu]]></wp:meta_key>
			<wp:meta_value><![CDATA[yes]]></wp:meta_value>
		</wp:postmeta>
		<wp:postmeta>
			<wp:meta_key><![CDATA[_monolit_show_post_header]]></wp:meta_key>
			<wp:meta_value><![CDATA[no]]></wp:meta_value>
		</wp:postmeta>
		<wp:postmeta>
			<wp:meta_key><![CDATA[_monolit_show_post_title]]></wp:meta_key>
			<wp:meta_value><![CDATA[yes]]></wp:meta_value>
		</wp:postmeta>
		<wp:postmeta>
			<wp:meta_key><![CDATA[_monolit_show_post_breadcrumbs]]></wp:meta_key>
			<wp:meta_value><![CDATA[yes]]></wp:meta_value>
		</wp:postmeta>
		<wp:postmeta>
			<wp:meta_key><![CDATA[_monolit_post_header_bg_id]]></wp:meta_key>
			<wp:meta_value><![CDATA[0]]></wp:meta_value>
		</wp:postmeta>
	</item>
	<item>
		<title>Blog Post  -s-Title-s-4</title>
		<link>http://demowp.cththemes.net/monolit/blog-post-title-4/</link>
		<pubDate>Sun, 07 Feb 2016 13:26:45 +0000</pubDate>
		<dc:creator><![CDATA[admin]]></dc:creator>
		<guid isPermaLink="false">http://demowp.cththemes.net/outdoor/?p=278</guid>
		<description></description>
		<content:encoded><![CDATA[Vestibulum orci felis, ullamcorper non condimentum non, ultrices ac nunc. Mauris non ligula suscipit, vulputate mi accumsan, dapibus felis. Nullam sed sapien dui. Nulla auctor sit amet sem non porta. Integer iaculis tellus nulla, quis imperdiet magna venenatis vitae.<!--more-->

Ut nec hinc dolor possim. An eros argumentum vel, elit diceret duo eu, quo et aliquid ornatus delicatissimi. Cu nam tale ferri utroque, eu habemus albucius mel, cu vidit possit ornatus eum. Eu ius postulant salutatus definitionem, an eam dicant voluptua, pri cu legendos moderatius. Nihil quaeque moderatius quo ut, eu vix noster fierent postulant. Est ut magna tation, nec timeam tractatos dissentiunt id, ne integre albucius eam. Animal docendi efficiantur ut eam. Malis nonumy mediocritatem mea an. Timeam definitionem his id, iriure omittam intellegam id sed, mea ad nostrud erroribus explicari. Graeci viderer qui ut, at habeo facer solet usu. Pri choro pertinax indoctum ne, ad partiendo persecuti forensibus est.
<blockquote>Vestibulum id ligula porta felis euismod semper. Sed posuere consectetur est at lobortis. Aenean eu leo quam. Pellentesque ornare sem lacinia quam venenatis vestibulum. Duis mollis, est non commodo luctus, nisi erat porttitor ligula, eget lacinia odio sem nec elit. Donec ullamcorper nulla non metus auctor fringilla. Vestibulum id ligula porta felis euismod semper.</blockquote>
Ut nec hinc dolor possim. An eros argumentum vel, elit diceret duo eu, quo et aliquid ornatus delicatissimi. Cu nam tale ferri utroque, eu habemus albucius mel, cu vidit possit ornatus eum. Eu ius postulant salutatus definitionem, an eam dicant voluptua, pri cu legendos moderatius. Nihil quaeque moderatius quo ut, eu vix noster fierent postulant. Est ut magna tation, nec timeam tractatos dissentiunt id, ne integre albucius eam. Animal docendi efficiantur ut eam. Malis nonumy mediocritatem mea an. Timeam definitionem his id, iriure omittam intellegam id sed, mea ad nostrud erroribus explicari. Graeci viderer qui ut, at habeo facer solet usu. Pri choro pertinax indoctum ne, ad partiendo persecuti forensibus est.]]></content:encoded>
		<excerpt:encoded><![CDATA[]]></excerpt:encoded>
		<wp:post_id>278</wp:post_id>
		<wp:post_date><![CDATA[2016-02-07 13:26:45]]></wp:post_date>
		<wp:post_date_gmt><![CDATA[2016-02-07 13:26:45]]></wp:post_date_gmt>
		<wp:comment_status><![CDATA[open]]></wp:comment_status>
		<wp:ping_status><![CDATA[open]]></wp:ping_status>
		<wp:post_name><![CDATA[blog-post-title-4]]></wp:post_name>
		<wp:status><![CDATA[publish]]></wp:status>
		<wp:post_parent>0</wp:post_parent>
		<wp:menu_order>0</wp:menu_order>
		<wp:post_type><![CDATA[post]]></wp:post_type>
		<wp:post_password><![CDATA[]]></wp:post_password>
		<wp:is_sticky>0</wp:is_sticky>
		<category domain="category" nicename="gallery"><![CDATA[Gallery]]></category>
		<category domain="post_tag" nicename="gallery"><![CDATA[Gallery]]></category>
		<category domain="post_format" nicename="post-format-gallery"><![CDATA[Gallery]]></category>
		<category domain="post_tag" nicename="post"><![CDATA[Post]]></category>
		<category domain="post_tag" nicename="tag"><![CDATA[Tag]]></category>
		<wp:postmeta>
			<wp:meta_key><![CDATA[_vc_post_settings]]></wp:meta_key>
			<wp:meta_value><![CDATA[a:1:{s:10:"vc_grid_id";a:0:{}}]]></wp:meta_value>
		</wp:postmeta>
		<wp:postmeta>
			<wp:meta_key><![CDATA[_vc_post_settings]]></wp:meta_key>
			<wp:meta_value><![CDATA[a:1:{s:10:"vc_grid_id";a:0:{}}]]></wp:meta_value>
		</wp:postmeta>
		<wp:postmeta>
			<wp:meta_key><![CDATA[_cmb_single_layout]]></wp:meta_key>
			<wp:meta_value><![CDATA[right_sidebar]]></wp:meta_value>
		</wp:postmeta>
		<wp:postmeta>
			<wp:meta_key><![CDATA[_cmb_post_header_intro]]></wp:meta_key>
			<wp:meta_value><![CDATA[<h3 class="subtitle">Duis lorem urna, porta gravida</h3>]]></wp:meta_value>
		</wp:postmeta>
		<wp:postmeta>
			<wp:meta_key><![CDATA[_edit_last]]></wp:meta_key>
			<wp:meta_value><![CDATA[1]]></wp:meta_value>
		</wp:postmeta>
		<wp:postmeta>
			<wp:meta_key><![CDATA[_monolit_single_layout]]></wp:meta_key>
			<wp:meta_value><![CDATA[right_sidebar]]></wp:meta_value>
		</wp:postmeta>
		<wp:postmeta>
			<wp:meta_key><![CDATA[_wp_old_slug]]></wp:meta_key>
			<wp:meta_value><![CDATA[delenit-interesset]]></wp:meta_value>
		</wp:postmeta>
		<wp:postmeta>
			<wp:meta_key><![CDATA[_thumbnail_id]]></wp:meta_key>
			<wp:meta_value><![CDATA[145]]></wp:meta_value>
		</wp:postmeta>
		<wp:postmeta>
			<wp:meta_key><![CDATA[_monolit_post_slider_images]]></wp:meta_key>
			<wp:meta_value><![CDATA[a:3:{i:145;s:68:"http://demowp.cththemes.net/monolit/wp-content/uploads/2016/02/9.jpg";i:149;s:69:"http://demowp.cththemes.net/monolit/wp-content/uploads/2016/02/13.jpg";i:56;s:70:"http://demowp.cththemes.net/monolit/wp-content/uploads/2016/02/3-2.jpg";}]]></wp:meta_value>
		</wp:postmeta>
		<wp:postmeta>
			<wp:meta_key><![CDATA[_monolit_show_post_header]]></wp:meta_key>
			<wp:meta_value><![CDATA[no]]></wp:meta_value>
		</wp:postmeta>
		<wp:postmeta>
			<wp:meta_key><![CDATA[_monolit_show_post_title]]></wp:meta_key>
			<wp:meta_value><![CDATA[yes]]></wp:meta_value>
		</wp:postmeta>
		<wp:postmeta>
			<wp:meta_key><![CDATA[_monolit_show_post_breadcrumbs]]></wp:meta_key>
			<wp:meta_value><![CDATA[yes]]></wp:meta_value>
		</wp:postmeta>
		<wp:postmeta>
			<wp:meta_key><![CDATA[_monolit_fullwidth_nav_menu]]></wp:meta_key>
			<wp:meta_value><![CDATA[yes]]></wp:meta_value>
		</wp:postmeta>
		<wp:postmeta>
			<wp:meta_key><![CDATA[_monolit_post_header_bg_id]]></wp:meta_key>
			<wp:meta_value><![CDATA[0]]></wp:meta_value>
		</wp:postmeta>
	</item>
	<item>
		<title>Blog Post  -s-Title-s-3</title>
		<link>http://demowp.cththemes.net/monolit/blog-post-title-3/</link>
		<pubDate>Mon, 25 Jan 2016 13:26:59 +0000</pubDate>
		<dc:creator><![CDATA[admin]]></dc:creator>
		<guid isPermaLink="false">http://demowp.cththemes.net/outdoor/?p=280</guid>
		<description></description>
		<content:encoded><![CDATA[<p class="no-rep">Vestibulum orci felis, ullamcorper non condimentum non, ultrices ac nunc. Mauris non ligula suscipit, vulputate mi accumsan, dapibus felis. Nullam sed sapien dui. Nulla auctor sit amet sem non porta. Integer iaculis tellus nulla, quis imperdiet magna venenatis vitae.</p>
<!--more-->
<p class="no-rep">Ut nec hinc dolor possim. An eros argumentum vel, elit diceret duo eu, quo et aliquid ornatus delicatissimi. Cu nam tale ferri utroque, eu habemus albucius mel, cu vidit possit ornatus eum. Eu ius postulant salutatus definitionem, an eam dicant voluptua, pri cu legendos moderatius. Nihil quaeque moderatius quo ut, eu vix noster fierent postulant. Est ut magna tation, nec timeam tractatos dissentiunt id, ne integre albucius eam. Animal docendi efficiantur ut eam. Malis nonumy mediocritatem mea an. Timeam definitionem his id, iriure omittam intellegam id sed, mea ad nostrud erroribus explicari. Graeci viderer qui ut, at habeo facer solet usu. Pri choro pertinax indoctum ne, ad partiendo persecuti forensibus est.</p>

<blockquote>
<p class="no-rep">Vestibulum id ligula porta felis euismod semper. Sed posuere consectetur est at lobortis. Aenean eu leo quam. Pellentesque ornare sem lacinia quam venenatis vestibulum. Duis mollis, est non commodo luctus, nisi erat porttitor ligula, eget lacinia odio sem nec elit. Donec ullamcorper nulla non metus auctor fringilla. Vestibulum id ligula porta felis euismod semper.</p>
</blockquote>
<p class="no-rep">Ut nec hinc dolor possim. An eros argumentum vel, elit diceret duo eu, quo et aliquid ornatus delicatissimi. Cu nam tale ferri utroque, eu habemus albucius mel, cu vidit possit ornatus eum. Eu ius postulant salutatus definitionem, an eam dicant voluptua, pri cu legendos moderatius. Nihil quaeque moderatius quo ut, eu vix noster fierent postulant. Est ut magna tation, nec timeam tractatos dissentiunt id, ne integre albucius eam. Animal docendi efficiantur ut eam. Malis nonumy mediocritatem mea an. Timeam definitionem his id, iriure omittam intellegam id sed, mea ad nostrud erroribus explicari. Graeci viderer qui ut, at habeo facer solet usu. Pri choro pertinax indoctum ne, ad partiendo persecuti forensibus est.</p>]]></content:encoded>
		<excerpt:encoded><![CDATA[]]></excerpt:encoded>
		<wp:post_id>280</wp:post_id>
		<wp:post_date><![CDATA[2016-01-25 13:26:59]]></wp:post_date>
		<wp:post_date_gmt><![CDATA[2016-01-25 13:26:59]]></wp:post_date_gmt>
		<wp:comment_status><![CDATA[open]]></wp:comment_status>
		<wp:ping_status><![CDATA[open]]></wp:ping_status>
		<wp:post_name><![CDATA[blog-post-title-3]]></wp:post_name>
		<wp:status><![CDATA[publish]]></wp:status>
		<wp:post_parent>0</wp:post_parent>
		<wp:menu_order>0</wp:menu_order>
		<wp:post_type><![CDATA[post]]></wp:post_type>
		<wp:post_password><![CDATA[]]></wp:post_password>
		<wp:is_sticky>0</wp:is_sticky>
		<category domain="post_tag" nicename="demo"><![CDATA[Demo]]></category>
		<category domain="post_tag" nicename="post"><![CDATA[Post]]></category>
		<category domain="category" nicename="standard"><![CDATA[Standard]]></category>
		<category domain="post_tag" nicename="standard"><![CDATA[Standard]]></category>
		<wp:postmeta>
			<wp:meta_key><![CDATA[_vc_post_settings]]></wp:meta_key>
			<wp:meta_value><![CDATA[a:1:{s:10:"vc_grid_id";a:0:{}}]]></wp:meta_value>
		</wp:postmeta>
		<wp:postmeta>
			<wp:meta_key><![CDATA[_vc_post_settings]]></wp:meta_key>
			<wp:meta_value><![CDATA[a:1:{s:10:"vc_grid_id";a:0:{}}]]></wp:meta_value>
		</wp:postmeta>
		<wp:postmeta>
			<wp:meta_key><![CDATA[_cmb_single_layout]]></wp:meta_key>
			<wp:meta_value><![CDATA[right_sidebar]]></wp:meta_value>
		</wp:postmeta>
		<wp:postmeta>
			<wp:meta_key><![CDATA[_thumbnail_id]]></wp:meta_key>
			<wp:meta_value><![CDATA[147]]></wp:meta_value>
		</wp:postmeta>
		<wp:postmeta>
			<wp:meta_key><![CDATA[_cmb_post_header_intro]]></wp:meta_key>
			<wp:meta_value><![CDATA[<h3 class="subtitle">Duis lorem urna, porta gravida</h3>]]></wp:meta_value>
		</wp:postmeta>
		<wp:postmeta>
			<wp:meta_key><![CDATA[_edit_last]]></wp:meta_key>
			<wp:meta_value><![CDATA[1]]></wp:meta_value>
		</wp:postmeta>
		<wp:postmeta>
			<wp:meta_key><![CDATA[_wp_old_slug]]></wp:meta_key>
			<wp:meta_value><![CDATA[te-nihil-aliquip]]></wp:meta_value>
		</wp:postmeta>
		<wp:postmeta>
			<wp:meta_key><![CDATA[_monolit_single_layout]]></wp:meta_key>
			<wp:meta_value><![CDATA[right_sidebar]]></wp:meta_value>
		</wp:postmeta>
		<wp:postmeta>
			<wp:meta_key><![CDATA[_monolit_fullwidth_nav_menu]]></wp:meta_key>
			<wp:meta_value><![CDATA[yes]]></wp:meta_value>
		</wp:postmeta>
		<wp:postmeta>
			<wp:meta_key><![CDATA[_monolit_show_post_header]]></wp:meta_key>
			<wp:meta_value><![CDATA[no]]></wp:meta_value>
		</wp:postmeta>
		<wp:postmeta>
			<wp:meta_key><![CDATA[_monolit_show_post_title]]></wp:meta_key>
			<wp:meta_value><![CDATA[yes]]></wp:meta_value>
		</wp:postmeta>
		<wp:postmeta>
			<wp:meta_key><![CDATA[_monolit_show_post_breadcrumbs]]></wp:meta_key>
			<wp:meta_value><![CDATA[yes]]></wp:meta_value>
		</wp:postmeta>
		<wp:postmeta>
			<wp:meta_key><![CDATA[_monolit_post_header_bg_id]]></wp:meta_key>
			<wp:meta_value><![CDATA[0]]></wp:meta_value>
		</wp:postmeta>
	</item>
	<item>
		<title>Blog Post  -s-Title-s-2</title>
		<link>http://demowp.cththemes.net/monolit/blog-post-title-2/</link>
		<pubDate>Tue, 12 Jan 2016 13:27:21 +0000</pubDate>
		<dc:creator><![CDATA[admin]]></dc:creator>
		<guid isPermaLink="false">http://demowp.cththemes.net/outdoor/?p=282</guid>
		<description></description>
		<content:encoded><![CDATA[<p class="no-rep">Vestibulum orci felis, ullamcorper non condimentum non, ultrices ac nunc. Mauris non ligula suscipit, vulputate mi accumsan, dapibus felis. Nullam sed sapien dui. Nulla auctor sit amet sem non porta. Integer iaculis tellus nulla, quis imperdiet magna venenatis vitae.</p>
<!--more-->
<p class="no-rep">Ut nec hinc dolor possim. An eros argumentum vel, elit diceret duo eu, quo et aliquid ornatus delicatissimi. Cu nam tale ferri utroque, eu habemus albucius mel, cu vidit possit ornatus eum. Eu ius postulant salutatus definitionem, an eam dicant voluptua, pri cu legendos moderatius. Nihil quaeque moderatius quo ut, eu vix noster fierent postulant. Est ut magna tation, nec timeam tractatos dissentiunt id, ne integre albucius eam. Animal docendi efficiantur ut eam. Malis nonumy mediocritatem mea an. Timeam definitionem his id, iriure omittam intellegam id sed, mea ad nostrud erroribus explicari. Graeci viderer qui ut, at habeo facer solet usu. Pri choro pertinax indoctum ne, ad partiendo persecuti forensibus est.</p>

<blockquote>
<p class="no-rep">Vestibulum id ligula porta felis euismod semper. Sed posuere consectetur est at lobortis. Aenean eu leo quam. Pellentesque ornare sem lacinia quam venenatis vestibulum. Duis mollis, est non commodo luctus, nisi erat porttitor ligula, eget lacinia odio sem nec elit. Donec ullamcorper nulla non metus auctor fringilla. Vestibulum id ligula porta felis euismod semper.</p>
</blockquote>
<p class="no-rep">Ut nec hinc dolor possim. An eros argumentum vel, elit diceret duo eu, quo et aliquid ornatus delicatissimi. Cu nam tale ferri utroque, eu habemus albucius mel, cu vidit possit ornatus eum. Eu ius postulant salutatus definitionem, an eam dicant voluptua, pri cu legendos moderatius. Nihil quaeque moderatius quo ut, eu vix noster fierent postulant. Est ut magna tation, nec timeam tractatos dissentiunt id, ne integre albucius eam. Animal docendi efficiantur ut eam. Malis nonumy mediocritatem mea an. Timeam definitionem his id, iriure omittam intellegam id sed, mea ad nostrud erroribus explicari. Graeci viderer qui ut, at habeo facer solet usu. Pri choro pertinax indoctum ne, ad partiendo persecuti forensibus est.</p>]]></content:encoded>
		<excerpt:encoded><![CDATA[]]></excerpt:encoded>
		<wp:post_id>282</wp:post_id>
		<wp:post_date><![CDATA[2016-01-12 13:27:21]]></wp:post_date>
		<wp:post_date_gmt><![CDATA[2016-01-12 13:27:21]]></wp:post_date_gmt>
		<wp:comment_status><![CDATA[open]]></wp:comment_status>
		<wp:ping_status><![CDATA[open]]></wp:ping_status>
		<wp:post_name><![CDATA[blog-post-title-2]]></wp:post_name>
		<wp:status><![CDATA[publish]]></wp:status>
		<wp:post_parent>0</wp:post_parent>
		<wp:menu_order>0</wp:menu_order>
		<wp:post_type><![CDATA[post]]></wp:post_type>
		<wp:post_password><![CDATA[]]></wp:post_password>
		<wp:is_sticky>0</wp:is_sticky>
		<category domain="post_tag" nicename="demo"><![CDATA[Demo]]></category>
		<category domain="category" nicename="image"><![CDATA[Image]]></category>
		<category domain="post_tag" nicename="photography"><![CDATA[Photography]]></category>
		<category domain="post_tag" nicename="post"><![CDATA[Post]]></category>
		<category domain="post_format" nicename="post-format-video"><![CDATA[Video]]></category>
		<wp:postmeta>
			<wp:meta_key><![CDATA[_vc_post_settings]]></wp:meta_key>
			<wp:meta_value><![CDATA[a:1:{s:10:"vc_grid_id";a:0:{}}]]></wp:meta_value>
		</wp:postmeta>
		<wp:postmeta>
			<wp:meta_key><![CDATA[_vc_post_settings]]></wp:meta_key>
			<wp:meta_value><![CDATA[a:1:{s:10:"vc_grid_id";a:0:{}}]]></wp:meta_value>
		</wp:postmeta>
		<wp:postmeta>
			<wp:meta_key><![CDATA[_cmb_single_layout]]></wp:meta_key>
			<wp:meta_value><![CDATA[right_sidebar]]></wp:meta_value>
		</wp:postmeta>
		<wp:postmeta>
			<wp:meta_key><![CDATA[_thumbnail_id]]></wp:meta_key>
			<wp:meta_value><![CDATA[56]]></wp:meta_value>
		</wp:postmeta>
		<wp:postmeta>
			<wp:meta_key><![CDATA[_cmb_post_header_intro]]></wp:meta_key>
			<wp:meta_value><![CDATA[<h3 class="subtitle">Duis lorem urna, porta gravida</h3>]]></wp:meta_value>
		</wp:postmeta>
		<wp:postmeta>
			<wp:meta_key><![CDATA[_cmb_post_header_bg_id]]></wp:meta_key>
			<wp:meta_value><![CDATA[74]]></wp:meta_value>
		</wp:postmeta>
		<wp:postmeta>
			<wp:meta_key><![CDATA[_cmb_post_header_bg]]></wp:meta_key>
			<wp:meta_value><![CDATA[http://demowp.cththemes.net/outdoor/wp-content/uploads/2015/10/3.jpg]]></wp:meta_value>
		</wp:postmeta>
		<wp:postmeta>
			<wp:meta_key><![CDATA[_edit_last]]></wp:meta_key>
			<wp:meta_value><![CDATA[1]]></wp:meta_value>
		</wp:postmeta>
		<wp:postmeta>
			<wp:meta_key><![CDATA[_wp_old_slug]]></wp:meta_key>
			<wp:meta_value><![CDATA[aliquip-pertinax-vix-ad]]></wp:meta_value>
		</wp:postmeta>
		<wp:postmeta>
			<wp:meta_key><![CDATA[_monolit_single_layout]]></wp:meta_key>
			<wp:meta_value><![CDATA[right_sidebar]]></wp:meta_value>
		</wp:postmeta>
		<wp:postmeta>
			<wp:meta_key><![CDATA[_oembed_0aee113b1551c61ad42f69bc873f71e2]]></wp:meta_key>
			<wp:meta_value><![CDATA[<iframe width="640" height="360" src="https://www.youtube.com/embed/oDpSPNIozt8?feature=oembed" frameborder="0" allowfullscreen></iframe>]]></wp:meta_value>
		</wp:postmeta>
		<wp:postmeta>
			<wp:meta_key><![CDATA[_oembed_time_0aee113b1551c61ad42f69bc873f71e2]]></wp:meta_key>
			<wp:meta_value><![CDATA[1456223188]]></wp:meta_value>
		</wp:postmeta>
		<wp:postmeta>
			<wp:meta_key><![CDATA[_monolit_embed_video]]></wp:meta_key>
			<wp:meta_value><![CDATA[https://www.youtube.com/watch?v=oDpSPNIozt8]]></wp:meta_value>
		</wp:postmeta>
		<wp:postmeta>
			<wp:meta_key><![CDATA[_monolit_fullwidth_nav_menu]]></wp:meta_key>
			<wp:meta_value><![CDATA[yes]]></wp:meta_value>
		</wp:postmeta>
		<wp:postmeta>
			<wp:meta_key><![CDATA[_monolit_show_post_header]]></wp:meta_key>
			<wp:meta_value><![CDATA[no]]></wp:meta_value>
		</wp:postmeta>
		<wp:postmeta>
			<wp:meta_key><![CDATA[_monolit_show_post_title]]></wp:meta_key>
			<wp:meta_value><![CDATA[yes]]></wp:meta_value>
		</wp:postmeta>
		<wp:postmeta>
			<wp:meta_key><![CDATA[_monolit_show_post_breadcrumbs]]></wp:meta_key>
			<wp:meta_value><![CDATA[yes]]></wp:meta_value>
		</wp:postmeta>
		<wp:postmeta>
			<wp:meta_key><![CDATA[_monolit_post_header_bg_id]]></wp:meta_key>
			<wp:meta_value><![CDATA[0]]></wp:meta_value>
		</wp:postmeta>
		<wp:comment>
			<wp:comment_id>2</wp:comment_id>
			<wp:comment_author><![CDATA[Mery]]></wp:comment_author>
			<wp:comment_author_email><![CDATA[mery@gmail.com]]></wp:comment_author_email>
			<wp:comment_author_url></wp:comment_author_url>
			<wp:comment_author_IP><![CDATA[::1]]></wp:comment_author_IP>
			<wp:comment_date><![CDATA[2015-11-07 02:03:51]]></wp:comment_date>
			<wp:comment_date_gmt><![CDATA[2015-11-07 02:03:51]]></wp:comment_date_gmt>
			<wp:comment_content><![CDATA[Lorem ipsum dolor sit amet, consectetuer adipiscing elit. Phasellus hendrerit. Pellentesque aliquet nibh nec urna. In nisi neque, aliquet vel, dapibus id, mattis vel, nisi. Sed pretium, ligula sollicitudin laoreet viverra, tortor libero sodales leo, eget blandit nunc tortor eu nibh. Nullam mollis. Ut justo.]]></wp:comment_content>
			<wp:comment_approved><![CDATA[1]]></wp:comment_approved>
			<wp:comment_type><![CDATA[]]></wp:comment_type>
			<wp:comment_parent>0</wp:comment_parent>
			<wp:comment_user_id>0</wp:comment_user_id>
		</wp:comment>
		<wp:comment>
			<wp:comment_id>3</wp:comment_id>
			<wp:comment_author><![CDATA[Audrey]]></wp:comment_author>
			<wp:comment_author_email><![CDATA[audrey@gmail.com]]></wp:comment_author_email>
			<wp:comment_author_url></wp:comment_author_url>
			<wp:comment_author_IP><![CDATA[::1]]></wp:comment_author_IP>
			<wp:comment_date><![CDATA[2015-11-07 02:04:18]]></wp:comment_date>
			<wp:comment_date_gmt><![CDATA[2015-11-07 02:04:18]]></wp:comment_date_gmt>
			<wp:comment_content><![CDATA[Hi There,

Donec nec justo eget felis facilisis fermentum. Aliquam porttitor mauris sit amet orci. Aenean dignissim pellentesque felis.]]></wp:comment_content>
			<wp:comment_approved><![CDATA[1]]></wp:comment_approved>
			<wp:comment_type><![CDATA[]]></wp:comment_type>
			<wp:comment_parent>2</wp:comment_parent>
			<wp:comment_user_id>0</wp:comment_user_id>
		</wp:comment>
		<wp:comment>
			<wp:comment_id>4</wp:comment_id>
			<wp:comment_author><![CDATA[CTHthemes]]></wp:comment_author>
			<wp:comment_author_email><![CDATA[cththemes@gmail.com]]></wp:comment_author_email>
			<wp:comment_author_url></wp:comment_author_url>
			<wp:comment_author_IP><![CDATA[::1]]></wp:comment_author_IP>
			<wp:comment_date><![CDATA[2015-11-07 02:04:34]]></wp:comment_date>
			<wp:comment_date_gmt><![CDATA[2015-11-07 02:04:34]]></wp:comment_date_gmt>
			<wp:comment_content><![CDATA[Lorem ipsum dolor sit amet, consectetuer adipiscing elit. Phasellus hendrerit. Pellentesque aliquet nibh nec urna. In nisi neque, aliquet vel, dapibus id, mattis vel, nisi. Sed pretium, ligula sollicitudin laoreet viverra, tortor libero sodales leo, eget blandit nunc tortor eu nibh. Nullam mollis. Ut justo.]]></wp:comment_content>
			<wp:comment_approved><![CDATA[1]]></wp:comment_approved>
			<wp:comment_type><![CDATA[]]></wp:comment_type>
			<wp:comment_parent>0</wp:comment_parent>
			<wp:comment_user_id>0</wp:comment_user_id>
		</wp:comment>
		<wp:comment>
			<wp:comment_id>5</wp:comment_id>
			<wp:comment_author><![CDATA[vinoth]]></wp:comment_author>
			<wp:comment_author_email><![CDATA[vinoth@gmail.com]]></wp:comment_author_email>
			<wp:comment_author_url></wp:comment_author_url>
			<wp:comment_author_IP><![CDATA[182.65.191.81]]></wp:comment_author_IP>
			<wp:comment_date><![CDATA[2016-01-14 10:20:52]]></wp:comment_date>
			<wp:comment_date_gmt><![CDATA[2016-01-14 10:20:52]]></wp:comment_date_gmt>
			<wp:comment_content><![CDATA[nice]]></wp:comment_content>
			<wp:comment_approved><![CDATA[0]]></wp:comment_approved>
			<wp:comment_type><![CDATA[]]></wp:comment_type>
			<wp:comment_parent>0</wp:comment_parent>
			<wp:comment_user_id>0</wp:comment_user_id>
		</wp:comment>
	</item>
	<item>
		<title>Blog Post  -s-Title-s-1</title>
		<link>http://demowp.cththemes.net/monolit/blog-post-title/</link>
		<pubDate>Tue, 16 Feb 2016 13:28:20 +0000</pubDate>
		<dc:creator><![CDATA[admin]]></dc:creator>
		<guid isPermaLink="false">http://demowp.cththemes.net/outdoor/?p=284</guid>
		<description></description>
		<content:encoded><![CDATA[Vestibulum orci felis, ullamcorper non condimentum non, ultrices ac nunc. Mauris non ligula suscipit, vulputate mi accumsan, dapibus felis. Nullam sed sapien dui. Nulla auctor sit amet sem non porta. Integer iaculis tellus nulla, quis imperdiet magna venenatis vitae.<!--more-->

Ut nec hinc dolor possim. An eros argumentum vel, elit diceret duo eu, quo et aliquid ornatus delicatissimi. Cu nam tale ferri utroque, eu habemus albucius mel, cu vidit possit ornatus eum. Eu ius postulant salutatus definitionem, an eam dicant voluptua, pri cu legendos moderatius. Nihil quaeque moderatius quo ut, eu vix noster fierent postulant. Est ut magna tation, nec timeam tractatos dissentiunt id, ne integre albucius eam. Animal docendi efficiantur ut eam. Malis nonumy mediocritatem mea an. Timeam definitionem his id, iriure omittam intellegam id sed, mea ad nostrud erroribus explicari. Graeci viderer qui ut, at habeo facer solet usu. Pri choro pertinax indoctum ne, ad partiendo persecuti forensibus est.
<blockquote>Vestibulum id ligula porta felis euismod semper. Sed posuere consectetur est at lobortis. Aenean eu leo quam. Pellentesque ornare sem lacinia quam venenatis vestibulum. Duis mollis, est non commodo luctus, nisi erat porttitor ligula, eget lacinia odio sem nec elit. Donec ullamcorper nulla non metus auctor fringilla. Vestibulum id ligula porta felis euismod semper.</blockquote>
Ut nec hinc dolor possim. An eros argumentum vel, elit diceret duo eu, quo et aliquid ornatus delicatissimi. Cu nam tale ferri utroque, eu habemus albucius mel, cu vidit possit ornatus eum. Eu ius postulant salutatus definitionem, an eam dicant voluptua, pri cu legendos moderatius. Nihil quaeque moderatius quo ut, eu vix noster fierent postulant. Est ut magna tation, nec timeam tractatos dissentiunt id, ne integre albucius eam. Animal docendi efficiantur ut eam. Malis nonumy mediocritatem mea an. Timeam definitionem his id, iriure omittam intellegam id sed, mea ad nostrud erroribus explicari. Graeci viderer qui ut, at habeo facer solet usu. Pri choro pertinax indoctum ne, ad partiendo persecuti forensibus est.]]></content:encoded>
		<excerpt:encoded><![CDATA[]]></excerpt:encoded>
		<wp:post_id>284</wp:post_id>
		<wp:post_date><![CDATA[2016-02-16 13:28:20]]></wp:post_date>
		<wp:post_date_gmt><![CDATA[2016-02-16 13:28:20]]></wp:post_date_gmt>
		<wp:comment_status><![CDATA[open]]></wp:comment_status>
		<wp:ping_status><![CDATA[open]]></wp:ping_status>
		<wp:post_name><![CDATA[blog-post-title]]></wp:post_name>
		<wp:status><![CDATA[publish]]></wp:status>
		<wp:post_parent>0</wp:post_parent>
		<wp:menu_order>0</wp:menu_order>
		<wp:post_type><![CDATA[post]]></wp:post_type>
		<wp:post_password><![CDATA[]]></wp:post_password>
		<wp:is_sticky>0</wp:is_sticky>
		<category domain="post_tag" nicename="blog"><![CDATA[Blog]]></category>
		<category domain="category" nicename="standard"><![CDATA[Standard]]></category>
		<category domain="post_tag" nicename="standard"><![CDATA[Standard]]></category>
		<category domain="post_tag" nicename="tag"><![CDATA[Tag]]></category>
		<wp:postmeta>
			<wp:meta_key><![CDATA[_vc_post_settings]]></wp:meta_key>
			<wp:meta_value><![CDATA[a:1:{s:10:"vc_grid_id";a:0:{}}]]></wp:meta_value>
		</wp:postmeta>
		<wp:postmeta>
			<wp:meta_key><![CDATA[_vc_post_settings]]></wp:meta_key>
			<wp:meta_value><![CDATA[a:1:{s:10:"vc_grid_id";a:0:{}}]]></wp:meta_value>
		</wp:postmeta>
		<wp:postmeta>
			<wp:meta_key><![CDATA[_cmb_single_layout]]></wp:meta_key>
			<wp:meta_value><![CDATA[right_sidebar]]></wp:meta_value>
		</wp:postmeta>
		<wp:postmeta>
			<wp:meta_key><![CDATA[_thumbnail_id]]></wp:meta_key>
			<wp:meta_value><![CDATA[59]]></wp:meta_value>
		</wp:postmeta>
		<wp:postmeta>
			<wp:meta_key><![CDATA[_cmb_post_header_intro]]></wp:meta_key>
			<wp:meta_value><![CDATA[<h3 class="subtitle">Duis lorem urna, porta gravida</h3>]]></wp:meta_value>
		</wp:postmeta>
		<wp:postmeta>
			<wp:meta_key><![CDATA[_cmb_post_header_bg_id]]></wp:meta_key>
			<wp:meta_value><![CDATA[191]]></wp:meta_value>
		</wp:postmeta>
		<wp:postmeta>
			<wp:meta_key><![CDATA[_cmb_post_header_bg]]></wp:meta_key>
			<wp:meta_value><![CDATA[http://demowp.cththemes.net/outdoor/wp-content/uploads/2015/10/45.jpg]]></wp:meta_value>
		</wp:postmeta>
		<wp:postmeta>
			<wp:meta_key><![CDATA[_edit_last]]></wp:meta_key>
			<wp:meta_value><![CDATA[1]]></wp:meta_value>
		</wp:postmeta>
		<wp:postmeta>
			<wp:meta_key><![CDATA[_wp_old_slug]]></wp:meta_key>
			<wp:meta_value><![CDATA[no-duo-dico]]></wp:meta_value>
		</wp:postmeta>
		<wp:postmeta>
			<wp:meta_key><![CDATA[_monolit_single_layout]]></wp:meta_key>
			<wp:meta_value><![CDATA[right_sidebar]]></wp:meta_value>
		</wp:postmeta>
		<wp:postmeta>
			<wp:meta_key><![CDATA[_monolit_show_post_header]]></wp:meta_key>
			<wp:meta_value><![CDATA[no]]></wp:meta_value>
		</wp:postmeta>
		<wp:postmeta>
			<wp:meta_key><![CDATA[_monolit_show_post_title]]></wp:meta_key>
			<wp:meta_value><![CDATA[yes]]></wp:meta_value>
		</wp:postmeta>
		<wp:postmeta>
			<wp:meta_key><![CDATA[_monolit_show_post_breadcrumbs]]></wp:meta_key>
			<wp:meta_value><![CDATA[yes]]></wp:meta_value>
		</wp:postmeta>
		<wp:postmeta>
			<wp:meta_key><![CDATA[_monolit_fullwidth_nav_menu]]></wp:meta_key>
			<wp:meta_value><![CDATA[yes]]></wp:meta_value>
		</wp:postmeta>
		<wp:postmeta>
			<wp:meta_key><![CDATA[_monolit_post_header_bg_id]]></wp:meta_key>
			<wp:meta_value><![CDATA[0]]></wp:meta_value>
		</wp:postmeta>
		<wp:comment>
			<wp:comment_id>6</wp:comment_id>
			<wp:comment_author><![CDATA[Mery]]></wp:comment_author>
			<wp:comment_author_email><![CDATA[mery@gmail.com]]></wp:comment_author_email>
			<wp:comment_author_url></wp:comment_author_url>
			<wp:comment_author_IP><![CDATA[::1]]></wp:comment_author_IP>
			<wp:comment_date><![CDATA[2015-11-07 01:33:57]]></wp:comment_date>
			<wp:comment_date_gmt><![CDATA[2015-11-07 01:33:57]]></wp:comment_date_gmt>
			<wp:comment_content><![CDATA[Lorem ipsum dolor sit amet, consectetuer adipiscing elit. Phasellus hendrerit. Pellentesque aliquet nibh nec urna. In nisi neque, aliquet vel, dapibus id, mattis vel, nisi. Sed pretium, ligula sollicitudin laoreet viverra, tortor libero sodales leo, eget blandit nunc tortor eu nibh. Nullam mollis. Ut justo.]]></wp:comment_content>
			<wp:comment_approved><![CDATA[1]]></wp:comment_approved>
			<wp:comment_type><![CDATA[]]></wp:comment_type>
			<wp:comment_parent>0</wp:comment_parent>
			<wp:comment_user_id>0</wp:comment_user_id>
		</wp:comment>
		<wp:comment>
			<wp:comment_id>7</wp:comment_id>
			<wp:comment_author><![CDATA[Audrey]]></wp:comment_author>
			<wp:comment_author_email><![CDATA[audrey@gmail.com]]></wp:comment_author_email>
			<wp:comment_author_url></wp:comment_author_url>
			<wp:comment_author_IP><![CDATA[::1]]></wp:comment_author_IP>
			<wp:comment_date><![CDATA[2015-11-07 01:34:59]]></wp:comment_date>
			<wp:comment_date_gmt><![CDATA[2015-11-07 01:34:59]]></wp:comment_date_gmt>
			<wp:comment_content><![CDATA[Hi There,

Donec nec justo eget felis facilisis fermentum. Aliquam porttitor mauris sit amet orci. Aenean dignissim pellentesque felis.]]></wp:comment_content>
			<wp:comment_approved><![CDATA[1]]></wp:comment_approved>
			<wp:comment_type><![CDATA[]]></wp:comment_type>
			<wp:comment_parent>6</wp:comment_parent>
			<wp:comment_user_id>0</wp:comment_user_id>
		</wp:comment>
		<wp:comment>
			<wp:comment_id>8</wp:comment_id>
			<wp:comment_author><![CDATA[CTHthemes]]></wp:comment_author>
			<wp:comment_author_email><![CDATA[cththemes@gmail.com]]></wp:comment_author_email>
			<wp:comment_author_url></wp:comment_author_url>
			<wp:comment_author_IP><![CDATA[::1]]></wp:comment_author_IP>
			<wp:comment_date><![CDATA[2015-11-07 01:35:55]]></wp:comment_date>
			<wp:comment_date_gmt><![CDATA[2015-11-07 01:35:55]]></wp:comment_date_gmt>
			<wp:comment_content><![CDATA[Lorem ipsum dolor sit amet, consectetuer adipiscing elit. Phasellus hendrerit. Pellentesque aliquet nibh nec urna. In nisi neque, aliquet vel, dapibus id, mattis vel, nisi. Sed pretium, ligula sollicitudin laoreet viverra, tortor libero sodales leo, eget blandit nunc tortor eu nibh. Nullam mollis. Ut justo.]]></wp:comment_content>
			<wp:comment_approved><![CDATA[1]]></wp:comment_approved>
			<wp:comment_type><![CDATA[]]></wp:comment_type>
			<wp:comment_parent>0</wp:comment_parent>
			<wp:comment_user_id>0</wp:comment_user_id>
		</wp:comment>
	</item>
	<item>
		<title>Blog Post  -s-Title-s-7</title>
		<link>http://demowp.cththemes.net/monolit/blog-post-title-7/</link>
		<pubDate>Thu, 05 Nov 2015 15:04:58 +0000</pubDate>
		<dc:creator><![CDATA[admin]]></dc:creator>
		<guid isPermaLink="false">http://demowp.cththemes.net/outdoor/?p=288</guid>
		<description></description>
		<content:encoded><![CDATA[<p class="no-rep">Vestibulum orci felis, ullamcorper non condimentum non, ultrices ac nunc. Mauris non ligula suscipit, vulputate mi accumsan, dapibus felis. Nullam sed sapien dui. Nulla auctor sit amet sem non porta. Integer iaculis tellus nulla, quis imperdiet magna venenatis vitae.</p>
<!--more-->
<p class="no-rep">Ut nec hinc dolor possim. An eros argumentum vel, elit diceret duo eu, quo et aliquid ornatus delicatissimi. Cu nam tale ferri utroque, eu habemus albucius mel, cu vidit possit ornatus eum. Eu ius postulant salutatus definitionem, an eam dicant voluptua, pri cu legendos moderatius. Nihil quaeque moderatius quo ut, eu vix noster fierent postulant. Est ut magna tation, nec timeam tractatos dissentiunt id, ne integre albucius eam. Animal docendi efficiantur ut eam. Malis nonumy mediocritatem mea an. Timeam definitionem his id, iriure omittam intellegam id sed, mea ad nostrud erroribus explicari. Graeci viderer qui ut, at habeo facer solet usu. Pri choro pertinax indoctum ne, ad partiendo persecuti forensibus est.</p>

<blockquote>
<p class="no-rep">Vestibulum id ligula porta felis euismod semper. Sed posuere consectetur est at lobortis. Aenean eu leo quam. Pellentesque ornare sem lacinia quam venenatis vestibulum. Duis mollis, est non commodo luctus, nisi erat porttitor ligula, eget lacinia odio sem nec elit. Donec ullamcorper nulla non metus auctor fringilla. Vestibulum id ligula porta felis euismod semper.</p>
</blockquote>
<p class="no-rep">Ut nec hinc dolor possim. An eros argumentum vel, elit diceret duo eu, quo et aliquid ornatus delicatissimi. Cu nam tale ferri utroque, eu habemus albucius mel, cu vidit possit ornatus eum. Eu ius postulant salutatus definitionem, an eam dicant voluptua, pri cu legendos moderatius. Nihil quaeque moderatius quo ut, eu vix noster fierent postulant. Est ut magna tation, nec timeam tractatos dissentiunt id, ne integre albucius eam. Animal docendi efficiantur ut eam. Malis nonumy mediocritatem mea an. Timeam definitionem his id, iriure omittam intellegam id sed, mea ad nostrud erroribus explicari. Graeci viderer qui ut, at habeo facer solet usu. Pri choro pertinax indoctum ne, ad partiendo persecuti forensibus est.</p>]]></content:encoded>
		<excerpt:encoded><![CDATA[]]></excerpt:encoded>
		<wp:post_id>288</wp:post_id>
		<wp:post_date><![CDATA[2015-11-05 15:04:58]]></wp:post_date>
		<wp:post_date_gmt><![CDATA[2015-11-05 15:04:58]]></wp:post_date_gmt>
		<wp:comment_status><![CDATA[open]]></wp:comment_status>
		<wp:ping_status><![CDATA[open]]></wp:ping_status>
		<wp:post_name><![CDATA[blog-post-title-7]]></wp:post_name>
		<wp:status><![CDATA[publish]]></wp:status>
		<wp:post_parent>0</wp:post_parent>
		<wp:menu_order>0</wp:menu_order>
		<wp:post_type><![CDATA[post]]></wp:post_type>
		<wp:post_password><![CDATA[]]></wp:post_password>
		<wp:is_sticky>0</wp:is_sticky>
		<category domain="category" nicename="audio"><![CDATA[Audio]]></category>
		<category domain="post_tag" nicename="audio"><![CDATA[Audio]]></category>
		<category domain="post_tag" nicename="post"><![CDATA[Post]]></category>
		<category domain="post_format" nicename="post-format-audio"><![CDATA[Audio]]></category>
		<category domain="post_tag" nicename="soundcloud"><![CDATA[Soundcloud]]></category>
		<wp:postmeta>
			<wp:meta_key><![CDATA[_vc_post_settings]]></wp:meta_key>
			<wp:meta_value><![CDATA[a:1:{s:10:"vc_grid_id";a:0:{}}]]></wp:meta_value>
		</wp:postmeta>
		<wp:postmeta>
			<wp:meta_key><![CDATA[_oembed_a7075191d1b4281f0d438d715d21dbb2]]></wp:meta_key>
			<wp:meta_value><![CDATA[{{unknown}}]]></wp:meta_value>
		</wp:postmeta>
		<wp:postmeta>
			<wp:meta_key><![CDATA[_oembed_d8a75a1d332d49f00f62dc917946fb75]]></wp:meta_key>
			<wp:meta_value><![CDATA[<iframe width="640" height="400" scrolling="no" frameborder="no" src="https://w.soundcloud.com/player/?visual=true&url=http%3A%2F%2Fapi.soundcloud.com%2Ftracks%2F185537795&show_artwork=true&maxwidth=640&maxheight=1000"></iframe>]]></wp:meta_value>
		</wp:postmeta>
		<wp:postmeta>
			<wp:meta_key><![CDATA[_oembed_time_d8a75a1d332d49f00f62dc917946fb75]]></wp:meta_key>
			<wp:meta_value><![CDATA[1446822282]]></wp:meta_value>
		</wp:postmeta>
		<wp:postmeta>
			<wp:meta_key><![CDATA[_vc_post_settings]]></wp:meta_key>
			<wp:meta_value><![CDATA[a:1:{s:10:"vc_grid_id";a:0:{}}]]></wp:meta_value>
		</wp:postmeta>
		<wp:postmeta>
			<wp:meta_key><![CDATA[_cmb_embed_video]]></wp:meta_key>
			<wp:meta_value><![CDATA[https://soundcloud.com/max-spaarkey/spaarkey-last-chance]]></wp:meta_value>
		</wp:postmeta>
		<wp:postmeta>
			<wp:meta_key><![CDATA[_cmb_single_layout]]></wp:meta_key>
			<wp:meta_value><![CDATA[right_sidebar]]></wp:meta_value>
		</wp:postmeta>
		<wp:postmeta>
			<wp:meta_key><![CDATA[_cmb_post_header_intro]]></wp:meta_key>
			<wp:meta_value><![CDATA[<h3 class="subtitle">Duis lorem urna, porta gravida</h3>]]></wp:meta_value>
		</wp:postmeta>
		<wp:postmeta>
			<wp:meta_key><![CDATA[_edit_last]]></wp:meta_key>
			<wp:meta_value><![CDATA[1]]></wp:meta_value>
		</wp:postmeta>
		<wp:postmeta>
			<wp:meta_key><![CDATA[_wp_old_slug]]></wp:meta_key>
			<wp:meta_value><![CDATA[lacinia-placerat]]></wp:meta_value>
		</wp:postmeta>
		<wp:postmeta>
			<wp:meta_key><![CDATA[_monolit_embed_video]]></wp:meta_key>
			<wp:meta_value><![CDATA[https://soundcloud.com/max-spaarkey/spaarkey-last-chance]]></wp:meta_value>
		</wp:postmeta>
		<wp:postmeta>
			<wp:meta_key><![CDATA[_monolit_single_layout]]></wp:meta_key>
			<wp:meta_value><![CDATA[right_sidebar]]></wp:meta_value>
		</wp:postmeta>
		<wp:postmeta>
			<wp:meta_key><![CDATA[_monolit_fullwidth_nav_menu]]></wp:meta_key>
			<wp:meta_value><![CDATA[yes]]></wp:meta_value>
		</wp:postmeta>
		<wp:postmeta>
			<wp:meta_key><![CDATA[_monolit_show_post_header]]></wp:meta_key>
			<wp:meta_value><![CDATA[no]]></wp:meta_value>
		</wp:postmeta>
		<wp:postmeta>
			<wp:meta_key><![CDATA[_monolit_show_post_title]]></wp:meta_key>
			<wp:meta_value><![CDATA[yes]]></wp:meta_value>
		</wp:postmeta>
		<wp:postmeta>
			<wp:meta_key><![CDATA[_monolit_show_post_breadcrumbs]]></wp:meta_key>
			<wp:meta_value><![CDATA[yes]]></wp:meta_value>
		</wp:postmeta>
		<wp:postmeta>
			<wp:meta_key><![CDATA[_monolit_post_header_bg_id]]></wp:meta_key>
			<wp:meta_value><![CDATA[0]]></wp:meta_value>
		</wp:postmeta>
	</item>
</channel>
</rss>
