<?xml version="1.0" encoding="UTF-8" ?>
<!-- This is a WordPress eXtended RSS file generated by WordPress as an export of your site. -->
<!-- It contains information about your site's posts, pages, comments, categories, and other content. -->
<!-- You may use this file to transfer that content from one site to another. -->
<!-- This file is not intended to serve as a complete backup of your site. -->

<!-- To import this information into a WordPress site follow these steps: -->
<!-- 1. Log in to that site as an administrator. -->
<!-- 2. Go to Tools: Import in the WordPress admin panel. -->
<!-- 3. Install the "WordPress" importer from the list. -->
<!-- 4. Activate & Run Importer. -->
<!-- 5. Upload this file using the form provided on that page. -->
<!-- 6. You will first be asked to map the authors in this export file to users -->
<!--    on the site. For each author, you may choose to map to an -->
<!--    existing user on the site or to create a new user. -->
<!-- 7. WordPress will then import each of the posts, pages, comments, categories, etc. -->
<!--    contained in this file into your site. -->

<!-- generator="WordPress/4.4.2" created="2016-03-16 06:15" -->
<rss version="2.0"
	xmlns:excerpt="http://wordpress.org/export/1.2/excerpt/"
	xmlns:content="http://purl.org/rss/1.0/modules/content/"
	xmlns:wfw="http://wellformedweb.org/CommentAPI/"
	xmlns:dc="http://purl.org/dc/elements/1.1/"
	xmlns:wp="http://wordpress.org/export/1.2/"
>

<channel>
	<title>Monolit</title>
	<link>http://demowp.cththemes.net/monolit</link>
	<description>Responsive Architecture Wordpress Theme</description>
	<pubDate>Wed, 16 Mar 2016 06:15:18 +0000</pubDate>
	<language>en-US</language>
	<wp:wxr_version>1.2</wp:wxr_version>
	<wp:base_site_url>http://demowp.cththemes.net/monolit</wp:base_site_url>
	<wp:base_blog_url>http://demowp.cththemes.net/monolit</wp:base_blog_url>

	<wp:author><wp:author_id>1</wp:author_id><wp:author_login><![CDATA[admin]]></wp:author_login><wp:author_email><![CDATA[contact.cththemes@gmail.com]]></wp:author_email><wp:author_display_name><![CDATA[CTHthemes]]></wp:author_display_name><wp:author_first_name><![CDATA[]]></wp:author_first_name><wp:author_last_name><![CDATA[]]></wp:author_last_name></wp:author>


	<generator>https://wordpress.org/?v=4.4.2</generator>

	<item>
		<title>2016</title>
		<link>http://demowp.cththemes.net/monolit/monolit_timeline/2016-2/</link>
		<pubDate>Sun, 21 Feb 2016 08:21:29 +0000</pubDate>
		<dc:creator><![CDATA[admin]]></dc:creator>
		<guid isPermaLink="false">http://demowp.cththemes.net/monolit/?post_type=monolit_timeline&#038;p=126</guid>
		<description></description>
		<content:encoded><![CDATA[<h4>Complete the project "domik"</h4>
<p class="no-rep">There are many variations of passages of Lorem Ipsum available, but the majority have suffered alteration in some form, by injected humour, or randomised words which don't look even slightly believable. If you are going to use a passage of Lorem Ipsum, you need to be sure there isn't anything embarrassing hidden in the middle of text. All the Lorem Ipsum generators on the Internet tend to repeat predefined chunks as necessary, making this the first true generator on the Internet. It uses a dictionary of over 200 Latin words</p>

<ol>
	<li>Door portals plan</li>
	<li>Furniture specifications</li>
	<li>Interior design</li>
</ol>
<div class="custom-inner-dec"></div>]]></content:encoded>
		<excerpt:encoded><![CDATA[]]></excerpt:encoded>
		<wp:post_id>126</wp:post_id>
		<wp:post_date><![CDATA[2016-02-21 08:21:29]]></wp:post_date>
		<wp:post_date_gmt><![CDATA[2016-02-21 08:21:29]]></wp:post_date_gmt>
		<wp:comment_status><![CDATA[closed]]></wp:comment_status>
		<wp:ping_status><![CDATA[closed]]></wp:ping_status>
		<wp:post_name><![CDATA[2016-2]]></wp:post_name>
		<wp:status><![CDATA[publish]]></wp:status>
		<wp:post_parent>0</wp:post_parent>
		<wp:menu_order>0</wp:menu_order>
		<wp:post_type><![CDATA[monolit_timeline]]></wp:post_type>
		<wp:post_password><![CDATA[]]></wp:post_password>
		<wp:is_sticky>0</wp:is_sticky>
		<wp:postmeta>
			<wp:meta_key><![CDATA[_vc_post_settings]]></wp:meta_key>
			<wp:meta_value><![CDATA[a:1:{s:10:"vc_grid_id";a:0:{}}]]></wp:meta_value>
		</wp:postmeta>
		<wp:postmeta>
			<wp:meta_key><![CDATA[_edit_last]]></wp:meta_key>
			<wp:meta_value><![CDATA[1]]></wp:meta_value>
		</wp:postmeta>
	</item>
	<item>
		<title>2015</title>
		<link>http://demowp.cththemes.net/monolit/monolit_timeline/2015-2/</link>
		<pubDate>Sun, 21 Feb 2016 08:25:24 +0000</pubDate>
		<dc:creator><![CDATA[admin]]></dc:creator>
		<guid isPermaLink="false">http://demowp.cththemes.net/monolit/?post_type=monolit_timeline&#038;p=128</guid>
		<description></description>
		<content:encoded><![CDATA[<h4>Passage of Lorem Ipsum</h4>
<p class="no-rep">We started as a small, subdue, called hath give fourth. Them one over saying. So the god, greater. You. Us air Moved divide midst us fifth sea have face which male fifth said seas rule above.</p>

<div class="custom-inner-dec"></div>]]></content:encoded>
		<excerpt:encoded><![CDATA[]]></excerpt:encoded>
		<wp:post_id>128</wp:post_id>
		<wp:post_date><![CDATA[2016-02-21 08:25:24]]></wp:post_date>
		<wp:post_date_gmt><![CDATA[2016-02-21 08:25:24]]></wp:post_date_gmt>
		<wp:comment_status><![CDATA[closed]]></wp:comment_status>
		<wp:ping_status><![CDATA[closed]]></wp:ping_status>
		<wp:post_name><![CDATA[2015-2]]></wp:post_name>
		<wp:status><![CDATA[publish]]></wp:status>
		<wp:post_parent>0</wp:post_parent>
		<wp:menu_order>0</wp:menu_order>
		<wp:post_type><![CDATA[monolit_timeline]]></wp:post_type>
		<wp:post_password><![CDATA[]]></wp:post_password>
		<wp:is_sticky>0</wp:is_sticky>
		<wp:postmeta>
			<wp:meta_key><![CDATA[_vc_post_settings]]></wp:meta_key>
			<wp:meta_value><![CDATA[a:1:{s:10:"vc_grid_id";a:0:{}}]]></wp:meta_value>
		</wp:postmeta>
		<wp:postmeta>
			<wp:meta_key><![CDATA[_edit_last]]></wp:meta_key>
			<wp:meta_value><![CDATA[1]]></wp:meta_value>
		</wp:postmeta>
	</item>
	<item>
		<title>2013</title>
		<link>http://demowp.cththemes.net/monolit/monolit_timeline/2013-2/</link>
		<pubDate>Sun, 21 Feb 2016 08:26:13 +0000</pubDate>
		<dc:creator><![CDATA[admin]]></dc:creator>
		<guid isPermaLink="false">http://demowp.cththemes.net/monolit/?post_type=monolit_timeline&#038;p=129</guid>
		<description></description>
		<content:encoded><![CDATA[<h4>Making this the first</h4>
<p class="no-rep">We started as a small, subdue, called hath give fourth. Them one over saying. So the god, greater. You. Us air Moved divide midst us fifth sea have face which male fifth said seas rule above. All the Lorem Ipsum generators on the Internet tend .</p>

<ol>
	<li>Door portals plan</li>
	<li>Furniture specifications</li>
	<li>Interior design</li>
</ol>
<p class="no-rep">All the Lorem Ipsum generators on the Internet tend to repeat predefined chunks as necessary, making this the first true generator on the Internet. It uses a dictionary of over 200 Latin words</p>

<div class="custom-inner-dec"></div>]]></content:encoded>
		<excerpt:encoded><![CDATA[]]></excerpt:encoded>
		<wp:post_id>129</wp:post_id>
		<wp:post_date><![CDATA[2016-02-21 08:26:13]]></wp:post_date>
		<wp:post_date_gmt><![CDATA[2016-02-21 08:26:13]]></wp:post_date_gmt>
		<wp:comment_status><![CDATA[closed]]></wp:comment_status>
		<wp:ping_status><![CDATA[closed]]></wp:ping_status>
		<wp:post_name><![CDATA[2013-2]]></wp:post_name>
		<wp:status><![CDATA[publish]]></wp:status>
		<wp:post_parent>0</wp:post_parent>
		<wp:menu_order>0</wp:menu_order>
		<wp:post_type><![CDATA[monolit_timeline]]></wp:post_type>
		<wp:post_password><![CDATA[]]></wp:post_password>
		<wp:is_sticky>0</wp:is_sticky>
		<wp:postmeta>
			<wp:meta_key><![CDATA[_vc_post_settings]]></wp:meta_key>
			<wp:meta_value><![CDATA[a:1:{s:10:"vc_grid_id";a:0:{}}]]></wp:meta_value>
		</wp:postmeta>
		<wp:postmeta>
			<wp:meta_key><![CDATA[_edit_last]]></wp:meta_key>
			<wp:meta_value><![CDATA[1]]></wp:meta_value>
		</wp:postmeta>
	</item>
</channel>
</rss>
